timestamp,pid,name,cpu_percent,memory_percent,memory_rss,num_threads,priority,score,category
2026-06-11 18:47:49,0,System Idle Process,6924.4,4.881154861715662e-05,8192,60,,0,unknown
2026-06-11 18:47:49,4,System,0.0,0.00029286929170293976,49152,489,,0,unknown
2026-06-11 18:47:49,320,Registry,0.0,0.33799556839950107,56725504,4,,0,unknown
2026-06-11 18:47:49,512,agent-tool-host.exe,0.0,0.12283426209507464,20615168,30,,0,unknown
2026-06-11 18:47:49,904,smss.exe,0.0,0.0021233023648463134,356352,2,,0,unknown
2026-06-11 18:47:49,1084,fontdrvhost.exe,0.0,0.03263052025056921,5476352,5,,0,unknown
2026-06-11 18:47:49,1092,fontdrvhost.exe,0.0,0.0051496183791100245,864256,5,,0,unknown
2026-06-11 18:47:49,1140,WUDFHost.exe,0.0,0.015741724429033013,2641920,6,,0,unknown
2026-06-11 18:47:49,1392,RuntimeBroker.exe,0.0,0.024967107117675615,4190208,3,,0,unknown
2026-06-11 18:47:49,1628,csrss.exe,0.0,0.020281198450428577,3403776,16,,0,unknown
2026-06-11 18:47:49,1736,wininit.exe,0.0,0.011104627310403133,1863680,2,,0,unknown
2026-06-11 18:47:49,1744,csrss.exe,0.0,0.022526529686817783,3780608,18,,0,unknown
2026-06-11 18:47:49,1832,winlogon.exe,0.0,0.020452038870588624,3432448,4,,0,unknown
2026-06-11 18:47:49,1852,services.exe,0.0,0.047249579061407615,7929856,7,,0,unknown
2026-06-11 18:47:49,1868,Trae CN.exe,0.0,1.254822886075554,210595840,61,,0,unknown
2026-06-11 18:47:49,1884,lsass.exe,0.0,0.1350615550236724,22667264,20,,0,unknown
2026-06-11 18:47:49,1960,svchost.exe,0.0,0.09266872504967186,15552512,11,,0,unknown
2026-06-11 18:47:49,1964,RuntimeBroker.exe,0.0,0.1441649088407721,24195072,12,,0,unknown
2026-06-11 18:47:49,1988,msedge.exe,0.0,0.44860253756597795,75288576,28,,0,unknown
2026-06-11 18:47:49,2044,svchost.exe,0.0,0.19641767163543827,32964608,16,,0,unknown
2026-06-11 18:47:49,2160,svchost.exe,0.0,0.028823219458430985,4837376,5,,0,unknown
2026-06-11 18:47:49,2192,WUDFHost.exe,0.0,0.05034911239859706,8450048,23,,0,unknown
2026-06-11 18:47:49,2252,Steam++.exe,0.0,2.840466042903887,476712960,128,,0,unknown
2026-06-11 18:47:49,2292,dwm.exe,0.0,0.4428427748291535,74321920,136,,0,unknown
2026-06-11 18:47:49,2348,svchost.exe,0.0,0.1090449996107279,18300928,8,,0,unknown
2026-06-11 18:47:49,2356,svchost.exe,0.0,0.02574809189555012,4321280,5,,0,unknown
2026-06-11 18:47:49,2364,svchost.exe,0.0,0.021769950683251854,3653632,7,,0,unknown
2026-06-11 18:47:49,2376,svchost.exe,0.0,0.01315471235232371,2207744,3,,0,unknown
2026-06-11 18:47:49,2388,svchost.exe,0.0,0.07319291715142635,12283904,10,,0,unknown
2026-06-11 18:47:49,2576,svchost.exe,0.0,0.03321625883397508,5574656,10,,0,unknown
2026-06-11 18:47:49,2648,svchost.exe,0.0,0.02142826984293176,3596288,5,,0,unknown
2026-06-11 18:47:49,2656,svchost.exe,0.0,0.03834147143877653,6434816,2,,0,unknown
2026-06-11 18:47:49,2664,svchost.exe,0.0,0.02828629242364226,4747264,4,,0,unknown
2026-06-11 18:47:49,2684,svchost.exe,0.0,0.045443551762572816,7626752,28,,0,unknown
2026-06-11 18:47:49,2756,msedge.exe,0.0,0.25133066382973945,42180608,15,,0,unknown
2026-06-11 18:47:49,2768,Trae CN.exe,0.0,6.366587909232973,1068498944,10,,0,unknown
2026-06-11 18:47:49,2836,SecurityHealthService.exe,0.0,0.060379885639422745,10133504,13,,0,unknown
2026-06-11 18:47:49,2848,svchost.exe,0.0,0.030238754368328527,5074944,9,,0,unknown
2026-06-11 18:47:49,2956,conhost.exe,0.0,0.011739177442426169,1970176,3,,0,unknown
2026-06-11 18:47:49,2960,svchost.exe,0.0,0.0751697848704212,12615680,11,,0,unknown
2026-06-11 18:47:49,2972,svchost.exe,0.0,0.01896328663776535,3182592,3,,0,unknown
2026-06-11 18:47:49,2980,svchost.exe,0.0,0.03182512969838612,5341184,3,,0,unknown
2026-06-11 18:47:49,2988,svchost.exe,0.0,0.04363752446373802,7323648,4,,0,unknown
2026-06-11 18:47:49,2996,svchost.exe,0.0,0.11282789462855754,18935808,4,,0,unknown
2026-06-11 18:47:49,3132,svchost.exe,0.0,0.05569397697217571,9347072,6,,0,unknown
2026-06-11 18:47:49,3212,svchost.exe,0.0,0.028261886649333687,4743168,6,,0,unknown
2026-06-11 18:47:49,3228,AsusCertService.exe,0.0,0.011495119699340386,1929216,4,,0,unknown
2026-06-11 18:47:49,3468,IntelCpHDCPSvc.exe,0.0,0.011177844633328868,1875968,3,,0,unknown
2026-06-11 18:47:49,3520,Steam++.Accelerator.exe,0.0,0.7639495474071183,128212992,51,,0,unknown
2026-06-11 18:47:49,3544,svchost.exe,0.0,0.013471987418335227,2260992,3,,0,unknown
2026-06-11 18:47:49,3560,esrv.exe,0.0,0.1168060358408558,19603456,59,,0,unknown
2026-06-11 18:47:49,3568,svchost.exe,0.0,0.009445034657419808,1585152,4,,0,unknown
2026-06-11 18:47:49,3708,asus_framework.exe,0.0,0.07595076964829571,12746752,37,,0,unknown
2026-06-11 18:47:49,3760,msedgewebview2.exe,0.0,0.062137101389640376,10428416,23,,0,unknown
2026-06-11 18:47:49,3768,svchost.exe,0.0,0.062063884066714654,10416128,7,,0,unknown
2026-06-11 18:47:49,3940,powershell.exe,0.0,0.46339243679697645,77770752,9,,0,unknown
2026-06-11 18:47:49,3948,PresentMonService.exe,0.0,0.012910654609237928,2166784,11,,0,unknown
2026-06-11 18:47:49,3968,svchost.exe,0.0,0.01186120631396906,1990656,4,,0,unknown
2026-06-11 18:47:49,4044,svchost.exe,0.0,0.12295629096661753,20635648,3,,0,unknown
2026-06-11 18:47:49,4052,NVDisplay.Container.exe,0.0,0.12634869359550993,21204992,41,,0,unknown
2026-06-11 18:47:49,4084,svchost.exe,0.0,0.09842848778649635,16519168,11,,0,unknown
2026-06-11 18:47:49,4100,svchost.exe,0.0,0.03560802471621576,5976064,8,,0,unknown
2026-06-11 18:47:49,4200,MemCompression,0.0,1.720826740723548,288804864,74,,0,unknown
2026-06-11 18:47:49,4240,svchost.exe,0.0,0.011690365893809012,1961984,3,,0,unknown
2026-06-11 18:47:49,4272,svchost.exe,0.0,0.023331920239000867,3915776,8,,0,unknown
2026-06-11 18:47:49,4280,svchost.exe,0.0,0.020598473516440098,3457024,6,,0,unknown
2026-06-11 18:47:49,4360,svchost.exe,0.0,0.06782364680353913,11382784,11,,0,unknown
2026-06-11 18:47:49,4400,svchost.exe,0.0,0.026187395833104532,4395008,8,,0,unknown
2026-06-11 18:47:49,4440,svchost.exe,0.0,0.04815259271082501,8081408,5,,0,unknown
2026-06-11 18:47:49,4476,GameViewerHealthd.exe,0.0,0.026675511319276098,4476928,6,,0,unknown
2026-06-11 18:47:49,4496,svchost.exe,0.0,0.07307088827988346,12263424,14,,0,unknown
2026-06-11 18:47:49,4520,svchost.exe,0.0,0.051105691402162985,8577024,9,,0,unknown
2026-06-11 18:47:49,4544,svchost.exe,0.0,0.02145267561724034,3600384,8,,0,unknown
2026-06-11 18:47:49,4796,AsusOptimization.exe,0.0,0.019158532832233975,3215360,10,,0,unknown
2026-06-11 18:47:49,4944,spoolsv.exe,0.0,0.017669780599410698,2965504,7,,0,unknown
2026-06-11 18:47:49,5032,svchost.exe,0.0,0.06826295074109354,11456512,15,,0,unknown
2026-06-11 18:47:49,5064,Trae CN.exe,0.0,0.19285442858638582,32366592,19,,0,unknown
2026-06-11 18:47:49,5080,svchost.exe,0.0,0.022941427850063614,3850240,6,,0,unknown
2026-06-11 18:47:49,5248,unsecapp.exe,0.0,0.01950021367255407,3272704,2,,0,unknown
2026-06-11 18:47:49,5312,AsusSystemAnalysis.exe,0.0,0.06474851924065826,10866688,10,,0,unknown
2026-06-11 18:47:49,5320,svchost.exe,0.0,0.3554945085787517,59662336,13,,0,unknown
2026-06-11 18:47:49,5328,svchost.exe,0.0,0.2682926769742014,45027328,20,,0,unknown
2026-06-11 18:47:49,5340,DAX3API.exe,0.0,0.025382005280921445,4259840,11,,0,unknown
2026-06-11 18:47:49,5352,svchost.exe,0.0,0.027773771163162122,4661248,2,,0,unknown
2026-06-11 18:47:49,5368,svchost.exe,0.0,0.006858022580710506,1150976,3,,0,unknown
2026-06-11 18:47:49,5380,svchost.exe,0.0,0.01603459372073595,2691072,6,,0,unknown
2026-06-11 18:47:49,5392,MsMpEng.exe,0.0,0.7704414833732002,129302528,10,,0,unknown
2026-06-11 18:47:49,5400,svchost.exe,0.0,0.0862011948578986,14467072,12,,0,unknown
2026-06-11 18:47:49,5408,MpDefenderCoreService.exe,0.0,0.08556664472587557,14360576,9,,0,unknown
2026-06-11 18:47:49,5416,RtkAudUService64.exe,0.0,0.03299660686519788,5537792,20,,0,unknown
2026-06-11 18:47:49,5428,svchost.exe,0.0,0.06609083682763008,11091968,8,,0,unknown
2026-06-11 18:47:49,5520,AsusSwitch.exe,0.0,0.014497029939295518,2433024,7,,0,unknown
2026-06-11 18:47:49,5540,svchost.exe,0.0,0.03126379688928882,5246976,7,,0,unknown
2026-06-11 18:47:49,5552,crashpad_handler.exe,0.0,0.008786078751088193,1474560,6,,0,unknown
2026-06-11 18:47:49,5560,ipfsvc.exe,0.0,0.023771224176555274,3989504,9,,0,unknown
2026-06-11 18:47:49,5588,ArmouryCrateControlInterface.exe,0.0,0.012129669831363422,2035712,3,,0,unknown
2026-06-11 18:47:49,5628,DSAService.exe,0.0,0.20669250261934974,34689024,16,,0,unknown
2026-06-11 18:47:49,5636,AsusSoftwareManager.exe,0.0,0.026407047801881734,4431872,9,,0,unknown
2026-06-11 18:47:49,5644,AsusAppService.exe,0.0,0.03665747301148462,6152192,4,,0,unknown
2026-06-11 18:47:49,5672,AsusSystemDiagnosis.exe,0.0,0.012739814189077877,2138112,2,,0,unknown
2026-06-11 18:47:49,5680,ArmouryCrate.Service.exe,0.0,0.13652590148218707,22913024,102,,0,unknown
2026-06-11 18:47:49,5692,ipf_uf.exe,0.0,0.014155349098975421,2375680,3,,0,unknown
2026-06-11 18:47:49,5700,IntelGraphicsSoftware.Service.exe,0.0,0.044028016852675274,7389184,15,,0,unknown
2026-06-11 18:47:49,5716,FeverGamesService.exe,0.0,0.03399724361184959,5705728,3,,0,unknown
2026-06-11 18:47:49,5724,AsusPTPService.exe,0.0,0.017523345953559227,2940928,4,,0,unknown
2026-06-11 18:47:49,5748,nvcontainer.exe,0.0,0.13386567208255204,22466560,31,,0,unknown
2026-06-11 18:47:49,5800,SurSvc.exe,0.0,0.10526210459289825,17666048,11,,0,unknown
2026-06-11 18:47:49,5808,WMIRegistrationService.exe,0.0,0.01444821839067836,2424832,2,,0,unknown
2026-06-11 18:47:49,5816,ROGLiveService.exe,0.0,0.06308892658767494,10588160,31,,0,unknown
2026-06-11 18:47:49,5824,DSAUpdateService.exe,0.0,0.13799024794070178,23158784,10,,0,unknown
2026-06-11 18:47:49,5832,IntelAudioService.exe,0.0,0.030946521823277298,5193728,8,,0,unknown
2026-06-11 18:47:49,5904,GameViewerService.exe,0.0,0.01659592652983325,2785280,4,,0,unknown
2026-06-11 18:47:49,6292,jhi_service.exe,0.0,0.010055179015134265,1687552,2,,0,unknown
2026-06-11 18:47:49,6440,svchost.exe,0.0,0.09283956546983191,15581184,4,,0,unknown
2026-06-11 18:47:49,6612,msedgewebview2.exe,0.0,0.01071413492146588,1798144,11,,0,unknown
2026-06-11 18:47:49,6648,svchost.exe,0.0,0.029775044656465542,4997120,9,,0,unknown
2026-06-11 18:47:49,6692,msedgewebview2.exe,0.0,0.05696307723622178,9560064,32,,0,unknown
2026-06-11 18:47:49,6816,svchost.exe,0.0,0.023209891367457977,3895296,13,,0,unknown
2026-06-11 18:47:49,6932,DataExchangeHost.exe,0.0,0.03846350031031942,6455296,1,,0,unknown
2026-06-11 18:47:49,6976,WmiPrvSE.exe,0.0,0.18272603224832581,30666752,6,,0,unknown
2026-06-11 18:47:49,7548,svchost.exe,0.0,0.011177844633328868,1875968,2,,0,unknown
2026-06-11 18:47:49,7648,WUDFHost.exe,0.0,0.04002546986606843,6717440,11,,0,unknown
2026-06-11 18:47:49,8132,wlanext.exe,0.0,0.02157470448878323,3620864,7,,0,unknown
2026-06-11 18:47:49,8164,ShellExperienceHost.exe,0.0,0.04710314441555614,7905280,40,,0,unknown
2026-06-11 18:47:49,8236,WUDFHost.exe,0.0,0.045858449925818646,7696384,8,,0,unknown
2026-06-11 18:47:49,8244,conhost.exe,0.0,0.007297326518264915,1224704,2,,0,unknown
2026-06-11 18:47:49,8316,Steam++.exe,0.0,0.670841518419892,112586752,17,,0,unknown
2026-06-11 18:47:49,8648,Intel_PIE_Service.exe,0.0,0.017816215245262168,2990080,5,,0,unknown
2026-06-11 18:47:49,8692,Trae CN.exe,0.0,1.2162617626680001,204124160,80,,0,unknown
2026-06-11 18:47:49,8864,msedge.exe,0.0,0.6749416885037332,113274880,32,,0,unknown
2026-06-11 18:47:49,9204,AggregatorHost.exe,0.0,0.04678586934954463,7852032,1,,0,unknown
2026-06-11 18:47:49,9228,SecurityHealthSystray.exe,0.0,0.02545522260384718,4272128,3,,0,unknown
2026-06-11 18:47:49,9776,SearchProtocolHost.exe,0.0,0.09549979486946693,16027648,5,,0,unknown
2026-06-11 18:47:49,9868,svchost.exe,0.0,0.012764219963386458,2142208,6,,0,unknown
2026-06-11 18:47:49,10072,msedgewebview2.exe,0.0,0.017254882436164867,2895872,8,,0,unknown
2026-06-11 18:47:49,10428,svchost.exe,0.0,0.09371817334494072,15728640,5,,0,unknown
2026-06-11 18:47:49,10456,SnippingTool.exe,0.0,0.11585421064282124,19443712,30,,0,unknown
2026-06-11 18:47:49,10736,NVIDIA Overlay.exe,0.0,0.30985571062171025,52002816,147,,0,unknown
2026-06-11 18:47:49,11000,SearchIndexer.exe,0.0,0.2262171220662124,37965824,55,,0,unknown
2026-06-11 18:47:49,11020,svchost.exe,0.0,0.12837437286312192,21544960,13,,0,unknown
2026-06-11 18:47:49,11048,NVDisplay.Container.exe,0.0,0.13618422064186697,22855680,33,,0,unknown
2026-06-11 18:47:49,11276,nvcontainer.exe,0.0,0.132767412238666,22282240,25,,0,unknown
2026-06-11 18:47:49,11300,svchost.exe,0.0,0.020207981127502845,3391488,9,,0,unknown
2026-06-11 18:47:49,11824,svchost.exe,0.0,0.0312882026635974,5251072,5,,0,unknown
2026-06-11 18:47:49,11872,svchost.exe,0.0,0.02733446722560771,4587520,6,,0,unknown
2026-06-11 18:47:49,12216,msedgewebview2.exe,0.0,0.03909805044234246,6561792,84,,0,unknown
2026-06-11 18:47:49,12312,svchost.exe,0.0,0.0268951632880533,4513792,5,,0,unknown
2026-06-11 18:47:49,12352,UserOOBEBroker.exe,0.0,0.0338752147403067,5685248,3,,0,unknown
2026-06-11 18:47:49,12784,DAX3API.exe,0.0,0.030311971691254266,5087232,7,,0,unknown
2026-06-11 18:47:49,12792,AsusOptimizationStartupTask.exe,0.0,0.012617785317534986,2117632,6,,0,unknown
2026-06-11 18:47:49,12816,ipf_helper.exe,0.0,0.037292023143507665,6258688,7,,0,unknown
2026-06-11 18:47:49,12828,ArmouryCrate.UserSessionHelper.exe,0.0,0.141333839020977,23719936,110,,0,unknown
2026-06-11 18:47:49,12856,sihost.exe,0.0,0.15400043588712917,25845760,17,,0,unknown
2026-06-11 18:47:49,12864,DSATray.exe,0.0,0.13847836342687334,23240704,12,,0,unknown
2026-06-11 18:47:49,12872,nvcontainer.exe,0.0,0.048372244679602217,8118272,18,,0,unknown
2026-06-11 18:47:49,12940,svchost.exe,0.0,0.03119057956636308,5234688,4,,0,unknown
2026-06-11 18:47:49,12948,svchost.exe,0.0,0.08961800326109956,15040512,11,,0,unknown
2026-06-11 18:47:49,12964,AsusSurvey.exe,0.0,0.08615238330928145,14458880,9,,0,unknown
2026-06-11 18:47:49,13148,conhost.exe,0.0,0.008883701848322505,1490944,2,,0,unknown
2026-06-11 18:47:49,13252,StartMenuExperienceHost.exe,0.0,0.6741607037258587,113143808,45,,0,unknown
2026-06-11 18:47:49,13268,msedgewebview2.exe,0.0,0.03697474807749614,6205440,11,,0,unknown
2026-06-11 18:47:49,13400,conhost.exe,0.0,0.05857385834058795,9830400,5,,0,unknown
2026-06-11 18:47:49,13544,svchost.exe,0.0,0.043930393755440965,7372800,6,,0,unknown
2026-06-11 18:47:49,13600,RtkAudUService64.exe,0.0,0.03077568140311725,5165056,9,,0,unknown
2026-06-11 18:47:49,13704,svchost.exe,0.0,0.12722730147061875,21352448,12,,0,unknown
2026-06-11 18:47:49,13764,msedgewebview2.exe,0.0,0.07692700062063884,12910592,54,,0,unknown
2026-06-11 18:47:49,13844,explorer.exe,0.0,2.0457896256422683,343343104,223,,0,unknown
2026-06-11 18:47:49,13860,ShellHost.exe,0.0,0.058549452566279366,9826304,29,,0,unknown
2026-06-11 18:47:49,13872,svchost.exe,0.0,0.06670098118534452,11194368,5,,0,unknown
2026-06-11 18:47:49,14192,svchost.exe,0.0,0.009030136494173975,1515520,3,,0,unknown
2026-06-11 18:47:49,14316,svchost.exe,0.0,0.011470713925031807,1925120,2,,0,unknown
2026-06-11 18:47:49,14340,RuntimeBroker.exe,0.0,0.10094228254027988,16941056,5,,0,unknown
2026-06-11 18:47:49,14448,ChsIME.exe,0.0,0.07375424996052367,12378112,4,,0,unknown
2026-06-11 18:47:49,14708,svchost.exe,0.0,0.12805709779711041,21491712,7,,0,unknown
2026-06-11 18:47:49,14740,RuntimeBroker.exe,0.0,0.23012204595558491,38621184,14,,0,unknown
2026-06-11 18:47:49,14764,msedgewebview2.exe,0.0,0.16874152356951044,28319744,82,,0,unknown
2026-06-11 18:47:49,14772,CrossDeviceResume.exe,0.0,0.04556558063411571,7647232,28,,0,unknown
2026-06-11 18:47:49,14800,svchost.exe,0.0,0.0809051418329371,13578240,12,,0,unknown
2026-06-11 18:47:49,14844,SearchHost.exe,0.0,0.3513455269462934,58966016,38,,0,unknown
2026-06-11 18:47:49,14872,esrv_svc.exe,0.0,0.3299416628776702,55373824,95,,0,unknown
2026-06-11 18:47:49,14928,taskhostw.exe,0.0,0.05864707566351369,9842688,9,,0,unknown
2026-06-11 18:47:49,14940,crashpad_handler.exe,0.0,0.015473260911638649,2596864,6,,0,unknown
2026-06-11 18:47:49,15044,AcPowerNotification.exe,0.0,0.09833086468926203,16502784,20,,0,unknown
2026-06-11 18:47:49,15156,ArmourySocketServer.exe,0.0,0.0060770378028359995,1019904,16,,0,unknown
2026-06-11 18:47:49,15240,MicrosoftEdgeUpdate.exe,0.0,0.03558361894190718,5971968,4,,0,unknown
2026-06-11 18:47:49,15296,msedge.exe,0.0,0.08546902162864124,14344192,11,,0,unknown
2026-06-11 18:47:49,15408,Widgets.exe,0.0,0.2541861394238431,42659840,14,,0,unknown
2026-06-11 18:47:49,15548,svchost.exe,0.0,0.01230051025152347,2064384,4,,0,unknown
2026-06-11 18:47:49,15896,svchost.exe,0.0,0.0751697848704212,12615680,6,,0,unknown
2026-06-11 18:47:49,16452,HipsTray.exe,0.0,0.04563879795704145,7659520,12,,0,unknown
2026-06-11 18:47:49,16520,msedgewebview2.exe,0.0,0.03709677694903903,6225920,33,,0,unknown
2026-06-11 18:47:49,16688,Trae CN.exe,0.0,0.879608511855471,147623936,25,,0,unknown
2026-06-11 18:47:49,16844,msedgewebview2.exe,0.0,0.22587544122589226,37908480,51,,0,unknown
2026-06-11 18:47:49,17076,asus_framework.exe,0.0,0.014277377970518312,2396160,27,,0,unknown
2026-06-11 18:47:49,17196,asus_framework.exe,0.0,0.04063561422378289,6819840,14,,0,unknown
2026-06-11 18:47:49,17448,NVIDIA Overlay.exe,0.0,0.09752547413707893,16367616,103,,0,unknown
2026-06-11 18:47:49,17464,NVIDIA Overlay.exe,0.0,0.10157683267230293,17047552,20,,0,unknown
2026-06-11 18:47:49,17812,msedgewebview2.exe,0.0,0.01693760737015335,2842624,8,,0,unknown
2026-06-11 18:47:49,17836,svchost.exe,0.0,0.04554117485980713,7643136,6,,0,unknown
2026-06-11 18:47:49,17980,msedge.exe,0.0,0.13169355816908856,22102016,9,,0,unknown
2026-06-11 18:47:49,18148,ArmouryCrate.exe,0.0,0.012202887154289155,2048000,37,,0,unknown
2026-06-11 18:47:49,18492,msedgewebview2.exe,0.0,0.15651423064091272,26267648,23,,0,unknown
2026-06-11 18:47:49,18516,msedgewebview2.exe,0.0,0.07268039589094621,12197888,81,,0,unknown
2026-06-11 18:47:49,18568,msedgewebview2.exe,0.0,0.03907364466803388,6557696,10,,0,unknown
2026-06-11 18:47:49,18780,msedgewebview2.exe,0.0,0.2500615635656934,41967616,31,,0,unknown
2026-06-11 18:47:49,19420,conhost.exe,0.0,0.05718272920499899,9596928,5,,0,unknown
2026-06-11 18:47:49,19696,TextInputHost.exe,0.0,0.495827710853077,83214336,117,,0,unknown
2026-06-11 18:47:49,19900,nvcontainer.exe,0.0,0.3518092366581564,59043840,61,,0,unknown
2026-06-11 18:47:49,20636,NVIDIA Overlay.exe,0.0,0.045004247825018405,7553024,11,,0,unknown
2026-06-11 18:47:49,20972,ctfmon.exe,0.0,0.16625213459003546,27901952,21,,0,unknown
2026-06-11 18:47:49,20984,TabTip.exe,0.0,0.11214453294791735,18821120,32,,0,unknown
2026-06-11 18:47:49,21156,nvsphelper64.exe,0.0,0.02445458585719547,4104192,6,,0,unknown
2026-06-11 18:47:49,21328,ChsIME.exe,0.0,0.011739177442426169,1970176,2,,0,unknown
2026-06-11 18:47:49,21496,conhost.exe,0.0,0.05842742369473648,9805824,8,,0,unknown
2026-06-11 18:47:49,21500,python3.13.exe,458.4,0.9614654788864425,161361920,46,,0,unknown
2026-06-11 18:47:49,21580,NVIDIA Overlay.exe,0.0,0.1668866847220585,28008448,27,,0,unknown
2026-06-11 18:47:49,21884,360DesktopLite64.exe,0.0,0.5838105272355019,97980416,43,,0,unknown
2026-06-11 18:47:49,22052,svchost.exe,0.0,0.012764219963386458,2142208,1,,0,unknown
2026-06-11 18:47:49,22380,Trae CN.exe,0.0,1.6411174818317313,275427328,26,,0,unknown
2026-06-11 18:47:49,22404,msedgewebview2.exe,0.0,0.07883065101670794,13230080,23,,0,unknown
2026-06-11 18:47:49,22432,crashpad_handler.exe,0.0,0.01315471235232371,2207744,6,,0,unknown
2026-06-11 18:47:49,22628,msedge.exe,0.0,0.33404183296151135,56061952,24,,0,unknown
2026-06-11 18:47:49,22660,svchost.exe,0.0,0.0675307775118362,11333632,6,,0,unknown
2026-06-11 18:47:49,22992,svchost.exe,0.0,0.015375637814404338,2580480,2,,0,unknown
2026-06-11 18:47:49,23028,AsusSoftwareManagerAgent.exe,0.0,0.07736630455819325,12984320,9,,0,unknown
2026-06-11 18:47:49,23056,svchost.exe,0.0,0.06438243262602959,10805248,7,,0,unknown
2026-06-11 18:47:49,23132,Trae CN.exe,0.0,0.37889964614067834,63590400,26,,0,unknown
2026-06-11 18:47:49,23344,GameViewer.exe,888.9,0.2653883898314806,44539904,90,,0,unknown
2026-06-11 18:47:49,23540,msedge.exe,0.0,0.21691852205464407,36405248,14,,0,unknown
2026-06-11 18:47:49,23668,Trae CN.exe,0.0,0.3781430671371124,63463424,19,,0,unknown
2026-06-11 18:47:49,24192,powershell.exe,0.0,0.46312397327958205,77725696,9,,0,unknown
2026-06-11 18:47:49,24384,RuntimeBroker.exe,0.0,0.014472624164986939,2428928,3,,0,unknown
2026-06-11 18:47:49,24416,ApplicationFrameHost.exe,0.0,0.07275361321387196,12210176,68,,0,unknown
2026-06-11 18:47:49,24480,powershell.exe,0.0,0.5315089528922184,89202688,12,,0,unknown
2026-06-11 18:47:49,24692,svchost.exe,0.0,0.02311226827022366,3878912,4,,0,unknown
2026-06-11 18:47:49,24728,msedgewebview2.exe,0.0,0.0986969513038907,16564224,23,,0,unknown
2026-06-11 18:47:49,24836,IntelGraphicsSoftware.exe,0.0,0.14811864427876179,24858624,72,,0,unknown
2026-06-11 18:47:49,24916,svchost.exe,0.0,0.21533214672458645,36139008,25,,0,unknown
2026-06-11 18:47:49,25236,RtkAudUService64.exe,0.0,0.044198857272835325,7417856,14,,0,unknown
2026-06-11 18:47:49,25308,TranslucentTB.exe,0.0,0.18563031939104663,31154176,32,,0,unknown
2026-06-11 18:47:49,25684,msedge.exe,0.0,0.8502483653622512,142696448,90,,0,unknown
2026-06-11 18:47:49,25736,powershell.exe,0.0,0.5208924410679869,87420928,12,,0,unknown
2026-06-11 18:47:49,25980,svchost.exe,0.0,0.041855902939211806,7024640,13,,0,unknown
2026-06-11 18:47:49,26012,msedgewebview2.exe,0.0,0.20644844487626396,34648064,54,,0,unknown
2026-06-11 18:47:49,26428,svchost.exe,0.0,0.09662246048766154,16216064,12,,0,unknown
2026-06-11 18:47:49,26548,taskhostw.exe,0.0,0.06660335808811021,11177984,6,,0,unknown
2026-06-11 18:47:49,26852,svchost.exe,0.0,0.230463726795905,38678528,14,,0,unknown
2026-06-11 18:47:49,26880,svchost.exe,0.0,0.07246074392216902,12161024,4,,0,unknown
2026-06-11 18:47:49,26884,msedge.exe,0.0,0.9315684053584341,156344320,31,,0,unknown
2026-06-11 18:47:49,26904,svchost.exe,0.0,0.02848153861811089,4780032,7,,0,unknown
2026-06-11 18:47:49,26936,Trae CN.exe,0.0,0.8432195023613807,141516800,29,,0,unknown
2026-06-11 18:47:49,27000,msedge.exe,0.0,0.12100382902193127,20307968,8,,0,unknown
2026-06-11 18:47:49,27196,svchost.exe,0.0,0.033850808965998125,5681152,5,,0,unknown
2026-06-11 18:47:49,27348,msedgewebview2.exe,0.0,0.01998832915872564,3354624,8,,0,unknown
2026-06-11 18:47:49,27372,svchost.exe,0.0,0.22951190159787044,38518784,26,,0,unknown
2026-06-11 18:47:49,27568,conhost.exe,0.0,0.0662860830220987,11124736,2,,0,unknown
2026-06-11 18:47:49,27656,SearchProtocolHost.exe,0.0,0.074486423189781,12500992,9,,0,unknown
2026-06-11 18:47:49,28164,wsctrlsvc.exe,0.0,0.012666596866152145,2125824,3,,0,unknown
2026-06-11 18:47:49,28580,msedge.exe,0.0,0.12432301432789793,20865024,9,,0,unknown
2026-06-11 18:47:49,28584,Trae CN.exe,0.0,1.2883076084269234,216215552,27,,0,unknown
2026-06-11 18:47:49,28676,SystemSettings.exe,0.0,0.023209891367457977,3895296,67,,0,unknown
2026-06-11 18:47:49,28692,crashpad_handler.exe,0.0,0.014692276133764143,2465792,6,,0,unknown
2026-06-11 18:47:49,28732,Trae CN.exe,0.0,0.5083234672990691,85311488,54,,0,unknown
2026-06-11 18:47:49,28884,msedge.exe,0.0,1.7787660489321133,298528768,73,,0,unknown
2026-06-11 18:47:49,28920,backgroundTaskHost.exe,0.0,0.01659592652983325,2785280,12,,0,unknown
2026-06-11 18:47:49,28948,audiodg.exe,0.0,0.1724023897157972,28934144,7,,0,unknown
2026-06-11 18:47:49,29436,svchost.exe,0.0,0.00851761523369383,1429504,3,,0,unknown
2026-06-11 18:47:49,29500,conhost.exe,0.0,0.05047114127013994,8470528,2,,0,unknown
2026-06-11 18:47:49,29560,GameViewerServer.exe,0.0,0.7279510303019653,122171392,232,,0,unknown
2026-06-11 18:47:49,29584,SearchFilterHost.exe,0.0,0.07419355389807807,12451840,1,,0,unknown
2026-06-11 18:47:49,29800,powershell.exe,0.0,0.5221127297834158,87625728,12,,0,unknown
2026-06-11 18:47:49,30052,smartscreen.exe,0.0,0.08722623737885889,14639104,6,,0,unknown
2026-06-11 18:47:49,30088,Trae CN.exe,0.0,1.0238710437934773,171835392,36,,0,unknown
2026-06-11 18:47:49,30116,WmiPrvSE.exe,0.0,0.12093061169900553,20295680,12,,0,unknown
2026-06-11 18:47:49,30184,Trae CN.exe,0.0,1.6883426551188303,283353088,92,,0,unknown
2026-06-11 18:47:49,30204,conhost.exe,0.0,0.057500004271010506,9650176,5,,0,unknown
2026-06-11 18:47:49,30208,svchost.exe,0.0,0.03695034230318757,6201344,5,,0,unknown
2026-06-11 18:47:49,30352,conhost.exe,0.0,0.05740238117377618,9633792,5,,0,unknown
2026-06-11 18:47:49,30356,Trae CN.exe,0.0,3.498518935586084,587153408,36,,0,unknown
2026-06-11 18:47:49,30512,HipsDaemon.exe,0.0,0.07726868146095894,12967936,116,,0,unknown
2026-06-11 18:47:49,30600,asus_framework.exe,0.0,0.048054969613590695,8065024,22,,0,unknown
2026-06-11 18:47:49,30916,svchost.exe,0.0,0.07343697489451215,12324864,5,,0,unknown
2026-06-11 18:47:49,31024,msedge.exe,0.0,1.4771106784780852,247902208,37,,0,unknown
2026-06-11 18:47:49,31304,WidgetService.exe,0.0,0.044784595856241206,7516160,5,,0,unknown
2026-06-11 18:47:49,31316,msedge.exe,0.0,0.1905114742527623,31973376,14,,0,unknown
2026-06-11 18:47:49,31432,Trae CN.exe,0.0,0.6795787856223632,114053120,14,,0,unknown
2026-06-11 18:47:49,31636,ArmourySwAgent.exe,0.0,0.009347411560185493,1568768,4,,0,unknown
2026-06-11 18:48:49,0,System Idle Process,6082.7,4.881154861715662e-05,8192,60,,0,unknown
2026-06-11 18:48:49,4,System,0.0,0.00029286929170293976,49152,488,,0,unknown
2026-06-11 18:48:49,320,Registry,0.0,0.3380931914967354,56741888,4,,0,unknown
2026-06-11 18:48:49,512,agent-tool-host.exe,0.0,0.12283426209507464,20615168,30,,0,unknown
2026-06-11 18:48:49,904,smss.exe,0.0,0.0021233023648463134,356352,2,,0,unknown
2026-06-11 18:48:49,1084,fontdrvhost.exe,0.0,0.03263052025056921,5476352,5,,0,unknown
2026-06-11 18:48:49,1092,fontdrvhost.exe,0.0,0.0051496183791100245,864256,5,,0,unknown
2026-06-11 18:48:49,1140,WUDFHost.exe,0.0,0.015741724429033013,2641920,6,,0,unknown
2026-06-11 18:48:49,1392,RuntimeBroker.exe,0.0,0.02511354176352708,4214784,4,,0,unknown
2026-06-11 18:48:49,1628,csrss.exe,0.0,0.020354415773354312,3416064,16,,0,unknown
2026-06-11 18:48:49,1736,wininit.exe,0.0,0.011080221536094554,1859584,2,,0,unknown
2026-06-11 18:48:49,1744,csrss.exe,0.0,0.02255093546112636,3784704,18,,0,unknown
2026-06-11 18:48:49,1832,winlogon.exe,0.0,0.020427633096280047,3428352,4,,0,unknown
2026-06-11 18:48:49,1852,services.exe,0.0,0.047664477224653445,7999488,9,,0,unknown
2026-06-11 18:48:49,1868,Trae CN.exe,0.0,1.256140797888217,210817024,60,,0,unknown
2026-06-11 18:48:49,1884,lsass.exe,0.0,0.13315790462760327,22347776,20,,0,unknown
2026-06-11 18:48:49,1960,svchost.exe,0.0,0.09247347885520323,15519744,12,,0,unknown
2026-06-11 18:48:49,1964,RuntimeBroker.exe,0.0,0.144286937712315,24215552,13,,0,unknown
2026-06-11 18:48:49,1988,msedge.exe,0.0,0.4518240997747103,75829248,28,,0,unknown
2026-06-11 18:48:49,2044,svchost.exe,0.0,0.19756474302794141,33157120,23,,0,unknown
2026-06-11 18:48:49,2160,svchost.exe,0.0,0.029091682975825348,4882432,6,,0,unknown
2026-06-11 18:48:49,2192,WUDFHost.exe,0.0,0.05034911239859706,8450048,23,,0,unknown
2026-06-11 18:48:49,2252,Steam++.exe,0.0,2.8311186313437013,475144192,128,,0,unknown
2026-06-11 18:48:49,2292,dwm.exe,0.0,0.4692010110824181,78749696,136,,0,unknown
2026-06-11 18:48:49,2304,svchost.exe,0.0,0.21045099186287078,35319808,11,,0,unknown
2026-06-11 18:48:49,2348,svchost.exe,0.0,0.10945989777397373,18370560,9,,0,unknown
2026-06-11 18:48:49,2356,svchost.exe,0.0,0.02750530764576776,4616192,5,,0,unknown
2026-06-11 18:48:49,2364,svchost.exe,0.0,0.021745544908943277,3649536,7,,0,unknown
2026-06-11 18:48:49,2376,svchost.exe,0.0,0.01315471235232371,2207744,3,,0,unknown
2026-06-11 18:48:49,2388,svchost.exe,0.0,0.07307088827988346,12263424,9,,0,unknown
2026-06-11 18:48:49,2576,svchost.exe,0.0,0.0329722010908893,5533696,10,,0,unknown
2026-06-11 18:48:49,2648,svchost.exe,0.0,0.02152589294016607,3612672,5,,0,unknown
2026-06-11 18:48:49,2656,svchost.exe,0.0,0.03846350031031942,6455296,3,,0,unknown
2026-06-11 18:48:49,2664,svchost.exe,0.0,0.02879881368412241,4833280,5,,0,unknown
2026-06-11 18:48:49,2684,svchost.exe,0.0,0.04522389979379561,7589888,28,,0,unknown
2026-06-11 18:48:49,2756,msedge.exe,0.0,0.3534932350854483,59326464,15,,0,unknown
2026-06-11 18:48:49,2768,Trae CN.exe,0.0,4.1490304440069306,696328192,10,,0,unknown
2026-06-11 18:48:49,2836,SecurityHealthService.exe,0.0,0.059964987476176915,10063872,11,,0,unknown
2026-06-11 18:48:49,2848,svchost.exe,0.0,0.030238754368328527,5074944,9,,0,unknown
2026-06-11 18:48:49,2956,conhost.exe,0.0,0.011739177442426169,1970176,3,,0,unknown
2026-06-11 18:48:49,2960,svchost.exe,0.0,0.07558468303366703,12685312,13,,0,unknown
2026-06-11 18:48:49,2972,svchost.exe,0.0,0.01893888086345677,3178496,3,,0,unknown
2026-06-11 18:48:49,2980,svchost.exe,0.0,0.032020375892854745,5373952,4,,0,unknown
2026-06-11 18:48:49,2988,svchost.exe,0.0,0.04361311868942944,7319552,4,,0,unknown
2026-06-11 18:48:49,2996,svchost.exe,0.0,0.11243740223962027,18870272,4,,0,unknown
2026-06-11 18:48:49,3132,svchost.exe,0.0,0.05601125203818722,9400320,7,,0,unknown
2026-06-11 18:48:49,3212,svchost.exe,0.0,0.028969654104282455,4861952,11,,0,unknown
2026-06-11 18:48:49,3228,AsusCertService.exe,0.0,0.011495119699340386,1929216,4,,0,unknown
2026-06-11 18:48:49,3468,IntelCpHDCPSvc.exe,0.0,0.011177844633328868,1875968,3,,0,unknown
2026-06-11 18:48:49,3520,Steam++.Accelerator.exe,0.0,0.7658287920288789,128528384,49,,0,unknown
2026-06-11 18:48:49,3544,svchost.exe,0.0,0.013471987418335227,2260992,3,,0,unknown
2026-06-11 18:48:49,3560,esrv.exe,0.0,0.1168060358408558,19603456,59,,0,unknown
2026-06-11 18:48:49,3568,svchost.exe,0.0,0.009445034657419808,1585152,4,,0,unknown
2026-06-11 18:48:49,3708,asus_framework.exe,0.0,0.0766341313289359,12861440,36,,0,unknown
2026-06-11 18:48:49,3760,msedgewebview2.exe,0.0,0.062137101389640376,10428416,23,,0,unknown
2026-06-11 18:48:49,3768,svchost.exe,0.0,0.0633573901050693,10633216,12,,0,unknown
2026-06-11 18:48:49,3940,powershell.exe,0.0,0.46353887144282785,77795328,9,,0,unknown
2026-06-11 18:48:49,3948,PresentMonService.exe,0.0,0.012910654609237928,2166784,11,,0,unknown
2026-06-11 18:48:49,3968,svchost.exe,0.0,0.01186120631396906,1990656,4,,0,unknown
2026-06-11 18:48:49,4044,svchost.exe,0.0,0.12293188519230897,20631552,3,,0,unknown
2026-06-11 18:48:49,4052,NVDisplay.Container.exe,0.0,0.12642191091843566,21217280,41,,0,unknown
2026-06-11 18:48:49,4084,svchost.exe,0.0,0.09889219749835933,16596992,11,,0,unknown
2026-06-11 18:48:49,4100,svchost.exe,0.0,0.03514431500435277,5898240,8,,0,unknown
2026-06-11 18:48:49,4200,MemCompression,0.0,1.7216565370500398,288944128,82,,0,unknown
2026-06-11 18:48:49,4240,svchost.exe,0.0,0.011690365893809012,1961984,3,,0,unknown
2026-06-11 18:48:49,4272,svchost.exe,0.0,0.02413731079118395,4050944,8,,0,unknown
2026-06-11 18:48:49,4280,svchost.exe,0.0,0.020574067742131517,3452928,6,,0,unknown
2026-06-11 18:48:49,4360,svchost.exe,0.0,0.06782364680353913,11382784,11,,0,unknown
2026-06-11 18:48:49,4400,svchost.exe,0.0,0.026187395833104532,4395008,8,,0,unknown
2026-06-11 18:48:49,4440,svchost.exe,0.0,0.048225810033750746,8093696,5,,0,unknown
2026-06-11 18:48:49,4476,GameViewerHealthd.exe,0.0,0.026675511319276098,4476928,6,,0,unknown
2026-06-11 18:48:49,4496,svchost.exe,0.0,0.07316851137711779,12279808,15,,0,unknown
2026-06-11 18:48:49,4520,svchost.exe,0.0,0.0586226698892051,9838592,12,,0,unknown
2026-06-11 18:48:49,4544,svchost.exe,0.0,0.021501487165857494,3608576,8,,0,unknown
2026-06-11 18:48:49,4796,AsusOptimization.exe,0.0,0.019158532832233975,3215360,10,,0,unknown
2026-06-11 18:48:49,4944,spoolsv.exe,0.0,0.017669780599410698,2965504,7,,0,unknown
2026-06-11 18:48:49,5032,svchost.exe,0.0,0.06833616806401926,11468800,15,,0,unknown
2026-06-11 18:48:49,5064,Trae CN.exe,0.0,0.19246393619744856,32301056,19,,0,unknown
2026-06-11 18:48:49,5080,svchost.exe,0.0,0.022648558558360673,3801088,6,,0,unknown
2026-06-11 18:48:49,5248,unsecapp.exe,0.0,0.019622242544096963,3293184,3,,0,unknown
2026-06-11 18:48:49,5312,AsusSystemAnalysis.exe,0.0,0.06474851924065826,10866688,10,,0,unknown
2026-06-11 18:48:49,5320,svchost.exe,0.0,0.3557385663218375,59703296,12,,0,unknown
2026-06-11 18:48:49,5328,svchost.exe,0.0,0.26653546122398375,44732416,18,,0,unknown
2026-06-11 18:48:49,5340,DAX3API.exe,0.0,0.025382005280921445,4259840,11,,0,unknown
2026-06-11 18:48:49,5352,svchost.exe,0.0,0.027773771163162122,4661248,2,,0,unknown
2026-06-11 18:48:49,5368,svchost.exe,0.0,0.006858022580710506,1150976,3,,0,unknown
2026-06-11 18:48:49,5380,svchost.exe,0.0,0.016010187946427373,2686976,6,,0,unknown
2026-06-11 18:48:49,5392,MsMpEng.exe,0.0,0.7703926718245829,129294336,10,,0,unknown
2026-06-11 18:48:49,5400,svchost.exe,0.0,0.08522496388555546,14303232,13,,0,unknown
2026-06-11 18:48:49,5408,MpDefenderCoreService.exe,0.0,0.08556664472587557,14360576,9,,0,unknown
2026-06-11 18:48:49,5416,RtkAudUService64.exe,0.0,0.03302101263950646,5541888,20,,0,unknown
2026-06-11 18:48:49,5428,svchost.exe,0.0,0.06609083682763008,11091968,8,,0,unknown
2026-06-11 18:48:49,5520,AsusSwitch.exe,0.0,0.014497029939295518,2433024,7,,0,unknown
2026-06-11 18:48:49,5540,svchost.exe,0.0,0.030848898726042986,5177344,7,,0,unknown
2026-06-11 18:48:49,5552,crashpad_handler.exe,0.0,0.008786078751088193,1474560,6,,0,unknown
2026-06-11 18:48:49,5560,ipfsvc.exe,0.0,0.023771224176555274,3989504,9,,0,unknown
2026-06-11 18:48:49,5588,ArmouryCrateControlInterface.exe,0.0,0.012129669831363422,2035712,3,,0,unknown
2026-06-11 18:48:49,5628,DSAService.exe,0.0,0.20698537191105268,34738176,16,,0,unknown
2026-06-11 18:48:49,5636,AsusSoftwareManager.exe,0.0,0.02879881368412241,4833280,11,,0,unknown
2026-06-11 18:48:49,5644,AsusAppService.exe,0.0,0.03665747301148462,6152192,4,,0,unknown
2026-06-11 18:48:49,5672,AsusSystemDiagnosis.exe,0.0,0.012739814189077877,2138112,2,,0,unknown
2026-06-11 18:48:49,5680,ArmouryCrate.Service.exe,0.0,0.13652590148218707,22913024,102,,0,unknown
2026-06-11 18:48:49,5692,ipf_uf.exe,0.0,0.014155349098975421,2375680,3,,0,unknown
2026-06-11 18:48:49,5700,IntelGraphicsSoftware.Service.exe,0.0,0.04436969769299537,7446528,15,,0,unknown
2026-06-11 18:48:49,5716,FeverGamesService.exe,0.0,0.03399724361184959,5705728,3,,0,unknown
2026-06-11 18:48:49,5724,AsusPTPService.exe,0.0,0.017523345953559227,2940928,4,,0,unknown
2026-06-11 18:48:49,5748,nvcontainer.exe,0.0,0.1339144836311692,22474752,31,,0,unknown
2026-06-11 18:48:49,5800,SurSvc.exe,0.0,0.1060186835964642,17793024,11,,0,unknown
2026-06-11 18:48:49,5808,WMIRegistrationService.exe,0.0,0.01444821839067836,2424832,2,,0,unknown
2026-06-11 18:48:49,5816,ROGLiveService.exe,0.0,0.06316214391060067,10600448,31,,0,unknown
2026-06-11 18:48:49,5824,DSAUpdateService.exe,0.0,0.13799024794070178,23158784,10,,0,unknown
2026-06-11 18:48:49,5832,IntelAudioService.exe,0.0,0.030946521823277298,5193728,8,,0,unknown
2026-06-11 18:48:49,5904,GameViewerService.exe,0.0,0.016693549627067567,2801664,5,,0,unknown
2026-06-11 18:48:49,6292,jhi_service.exe,0.0,0.010055179015134265,1687552,2,,0,unknown
2026-06-11 18:48:49,6440,svchost.exe,0.0,0.0935229271504721,15695872,6,,0,unknown
2026-06-11 18:48:49,6612,msedgewebview2.exe,0.0,0.010738540695774458,1802240,11,,0,unknown
2026-06-11 18:48:49,6648,svchost.exe,0.0,0.029775044656465542,4997120,9,,0,unknown
2026-06-11 18:48:49,6692,msedgewebview2.exe,0.0,0.05698748301053035,9564160,32,,0,unknown
2026-06-11 18:48:49,6816,svchost.exe,0.0,0.023209891367457977,3895296,13,,0,unknown
2026-06-11 18:48:49,6932,DataExchangeHost.exe,0.0,0.03846350031031942,6455296,1,,0,unknown
2026-06-11 18:48:49,6976,WmiPrvSE.exe,0.0,0.18272603224832581,30666752,6,,0,unknown
2026-06-11 18:48:49,7548,svchost.exe,0.0,0.011177844633328868,1875968,2,,0,unknown
2026-06-11 18:48:49,7648,WUDFHost.exe,0.0,0.04002546986606843,6717440,11,,0,unknown
2026-06-11 18:48:49,8132,wlanext.exe,0.0,0.02157470448878323,3620864,7,,0,unknown
2026-06-11 18:48:49,8164,ShellExperienceHost.exe,0.0,0.04710314441555614,7905280,40,,0,unknown
2026-06-11 18:48:49,8236,WUDFHost.exe,0.0,0.04600488457167012,7720960,9,,0,unknown
2026-06-11 18:48:49,8244,conhost.exe,0.0,0.007297326518264915,1224704,2,,0,unknown
2026-06-11 18:48:49,8316,Steam++.exe,0.0,0.6707927068712749,112578560,16,,0,unknown
2026-06-11 18:48:49,8648,Intel_PIE_Service.exe,0.0,0.017816215245262168,2990080,5,,0,unknown
2026-06-11 18:48:49,8692,Trae CN.exe,0.0,1.2806441952940297,214929408,79,,0,unknown
2026-06-11 18:48:49,8864,msedge.exe,0.0,0.6813604071468893,114352128,32,,0,unknown
2026-06-11 18:48:49,9204,AggregatorHost.exe,0.0,0.047078738641247564,7901184,3,,0,unknown
2026-06-11 18:48:49,9228,SecurityHealthSystray.exe,0.0,0.025626063024007228,4300800,1,,0,unknown
2026-06-11 18:48:49,9776,SearchProtocolHost.exe,0.0,0.10194291928693161,17108992,5,,0,unknown
2026-06-11 18:48:49,9868,svchost.exe,0.0,0.012764219963386458,2142208,6,,0,unknown
2026-06-11 18:48:49,10072,msedgewebview2.exe,0.0,0.017254882436164867,2895872,8,,0,unknown
2026-06-11 18:48:49,10428,svchost.exe,0.0,0.0935229271504721,15695872,4,,0,unknown
2026-06-11 18:48:49,10456,SnippingTool.exe,0.0,0.11582980486851267,19439616,30,,0,unknown
2026-06-11 18:48:49,10736,NVIDIA Overlay.exe,0.0,0.30963605865293303,51965952,146,,0,unknown
2026-06-11 18:48:49,11000,SearchIndexer.exe,0.0,0.23278227535521995,39067648,55,,0,unknown
2026-06-11 18:48:49,11020,svchost.exe,0.0,0.12832556131450476,21536768,12,,0,unknown
2026-06-11 18:48:49,11048,NVDisplay.Container.exe,0.0,0.13598897444739835,22822912,31,,0,unknown
2026-06-11 18:48:49,11276,nvcontainer.exe,0.0,0.13262097759281455,22257664,24,,0,unknown
2026-06-11 18:48:49,11300,svchost.exe,0.0,0.02011035803026853,3375104,8,,0,unknown
2026-06-11 18:48:49,11412,MoUsoCoreWorker.exe,0.0,0.1572219980958615,26386432,11,,0,unknown
2026-06-11 18:48:49,11824,svchost.exe,0.0,0.031141768017745926,5226496,4,,0,unknown
2026-06-11 18:48:49,11872,svchost.exe,0.0,0.027163626805447663,4558848,6,,0,unknown
2026-06-11 18:48:49,12216,msedgewebview2.exe,0.0,0.03909805044234246,6561792,84,,0,unknown
2026-06-11 18:48:49,12312,svchost.exe,0.0,0.02691956906236188,4517888,5,,0,unknown
2026-06-11 18:48:49,12352,UserOOBEBroker.exe,0.0,0.03360675122291234,5640192,1,,0,unknown
2026-06-11 18:48:49,12784,DAX3API.exe,0.0,0.030214348594019946,5070848,6,,0,unknown
2026-06-11 18:48:49,12792,AsusOptimizationStartupTask.exe,0.0,0.012617785317534986,2117632,6,,0,unknown
2026-06-11 18:48:49,12816,ipf_helper.exe,0.0,0.03719440004627335,6242304,6,,0,unknown
2026-06-11 18:48:49,12828,ArmouryCrate.UserSessionHelper.exe,0.0,0.14135824479528558,23724032,110,,0,unknown
2026-06-11 18:48:49,12856,sihost.exe,0.0,0.1533902915294147,25743360,14,,0,unknown
2026-06-11 18:48:49,12864,DSATray.exe,0.0,0.1386492038470334,23269376,12,,0,unknown
2026-06-11 18:48:49,12872,nvcontainer.exe,0.0,0.048372244679602217,8118272,18,,0,unknown
2026-06-11 18:48:49,12940,svchost.exe,0.0,0.03119057956636308,5234688,4,,0,unknown
2026-06-11 18:48:49,12948,svchost.exe,0.0,0.08930072819508804,14987264,9,,0,unknown
2026-06-11 18:48:49,12964,AsusSurvey.exe,0.0,0.08615238330928145,14458880,9,,0,unknown
2026-06-11 18:48:49,13148,conhost.exe,0.0,0.008883701848322505,1490944,2,,0,unknown
2026-06-11 18:48:49,13252,StartMenuExperienceHost.exe,0.0,0.6645692344225874,111534080,40,,0,unknown
2026-06-11 18:48:49,13268,msedgewebview2.exe,0.0,0.03695034230318757,6201344,11,,0,unknown
2026-06-11 18:48:49,13400,conhost.exe,0.0,0.05857385834058795,9830400,5,,0,unknown
2026-06-11 18:48:49,13544,svchost.exe,0.0,0.04339346672065224,7282688,3,,0,unknown
2026-06-11 18:48:49,13600,RtkAudUService64.exe,0.0,0.03077568140311725,5165056,9,,0,unknown
2026-06-11 18:48:49,13704,svchost.exe,0.0,0.12598260698088126,21143552,9,,0,unknown
2026-06-11 18:48:49,13764,msedgewebview2.exe,0.0,0.07690259484633026,12906496,54,,0,unknown
2026-06-11 18:48:49,13844,explorer.exe,0.0,2.0486939127849895,343830528,223,,0,unknown
2026-06-11 18:48:49,13860,ShellHost.exe,0.0,0.058549452566279366,9826304,29,,0,unknown
2026-06-11 18:48:49,13872,svchost.exe,0.0,0.06643251766795016,11149312,4,,0,unknown
2026-06-11 18:48:49,14192,svchost.exe,0.0,0.008932513396939663,1499136,2,,0,unknown
2026-06-11 18:48:49,14316,svchost.exe,0.0,0.011470713925031807,1925120,2,,0,unknown
2026-06-11 18:48:49,14340,RuntimeBroker.exe,0.0,0.09491405628606106,15929344,5,,0,unknown
2026-06-11 18:48:49,14448,ChsIME.exe,0.0,0.07363222108898076,12357632,2,,0,unknown
2026-06-11 18:48:49,14708,svchost.exe,0.0,0.1283011555401962,21532672,5,,0,unknown
2026-06-11 18:48:49,14740,RuntimeBroker.exe,0.0,0.22753503387887558,38187008,10,,0,unknown
2026-06-11 18:48:49,14764,msedgewebview2.exe,0.0,0.1688147408924362,28332032,82,,0,unknown
2026-06-11 18:48:49,14772,CrossDeviceResume.exe,0.0,0.04554117485980713,7643136,28,,0,unknown
2026-06-11 18:48:49,14800,svchost.exe,0.0,0.08102717070448,13598720,11,,0,unknown
2026-06-11 18:48:49,14844,SearchHost.exe,0.0,0.34307196945568535,57577472,36,,0,unknown
2026-06-11 18:48:49,14872,esrv_svc.exe,0.0,0.33194293637097366,55709696,94,,0,unknown
2026-06-11 18:48:49,14928,taskhostw.exe,0.0,0.05864707566351369,9842688,9,,0,unknown
2026-06-11 18:48:49,14940,crashpad_handler.exe,0.0,0.015473260911638649,2596864,6,,0,unknown
2026-06-11 18:48:49,15044,AcPowerNotification.exe,0.0,0.08751910667056183,14688256,17,,0,unknown
2026-06-11 18:48:49,15156,ArmourySocketServer.exe,0.0,0.0060770378028359995,1019904,16,,0,unknown
2026-06-11 18:48:49,15240,MicrosoftEdgeUpdate.exe,0.0,0.03558361894190718,5971968,4,,0,unknown
2026-06-11 18:48:49,15296,msedge.exe,0.0,0.08524936965986404,14307328,10,,0,unknown
2026-06-11 18:48:49,15408,Widgets.exe,0.0,0.2540641105523002,42639360,13,,0,unknown
2026-06-11 18:48:49,15548,svchost.exe,0.0,0.01230051025152347,2064384,4,,0,unknown
2026-06-11 18:48:49,15896,svchost.exe,0.0,0.07509656754749547,12603392,5,,0,unknown
2026-06-11 18:48:49,16452,HipsTray.exe,0.0,0.04563879795704145,7659520,12,,0,unknown
2026-06-11 18:48:49,16520,msedgewebview2.exe,0.0,0.03709677694903903,6225920,33,,0,unknown
2026-06-11 18:48:49,16688,Trae CN.exe,0.0,0.8815853795744658,147955712,24,,0,unknown
2026-06-11 18:48:49,16844,msedgewebview2.exe,0.0,0.22631474516344668,37982208,51,,0,unknown
2026-06-11 18:48:49,17076,asus_framework.exe,0.0,0.014326189519135469,2404352,27,,0,unknown
2026-06-11 18:48:49,17196,asus_framework.exe,0.0,0.04061120844947431,6815744,14,,0,unknown
2026-06-11 18:48:49,17448,NVIDIA Overlay.exe,0.0,0.09806240117186767,16457728,104,,0,unknown
2026-06-11 18:48:49,17464,NVIDIA Overlay.exe,0.0,0.10082025366873701,16920576,20,,0,unknown
2026-06-11 18:48:49,17812,msedgewebview2.exe,0.0,0.01693760737015335,2842624,8,,0,unknown
2026-06-11 18:48:49,17836,svchost.exe,0.0,0.04539474021395566,7618560,5,,0,unknown
2026-06-11 18:48:49,17980,msedge.exe,0.0,0.13364602011377485,22429696,9,,0,unknown
2026-06-11 18:48:49,18148,ArmouryCrate.exe,0.0,0.012202887154289155,2048000,37,,0,unknown
2026-06-11 18:48:49,18492,msedgewebview2.exe,0.0,0.156441013317987,26255360,23,,0,unknown
2026-06-11 18:48:49,18516,msedgewebview2.exe,0.0,0.0727048016652548,12201984,81,,0,unknown
2026-06-11 18:48:49,18568,msedgewebview2.exe,0.0,0.03907364466803388,6557696,10,,0,unknown
2026-06-11 18:48:49,18780,msedgewebview2.exe,0.0,0.2500615635656934,41967616,31,,0,unknown
2026-06-11 18:48:49,19420,conhost.exe,0.0,0.058280989048885005,9781248,8,,0,unknown
2026-06-11 18:48:49,19696,TextInputHost.exe,0.0,0.4950223203008939,83079168,112,,0,unknown
2026-06-11 18:48:49,19900,nvcontainer.exe,0.0,0.3526634387589566,59187200,61,,0,unknown
2026-06-11 18:48:49,20636,NVIDIA Overlay.exe,0.0,0.045004247825018405,7553024,11,,0,unknown
2026-06-11 18:48:49,20972,ctfmon.exe,0.0,0.16600807684694968,27860992,18,,0,unknown
2026-06-11 18:48:49,20984,TabTip.exe,0.0,0.11214453294791735,18821120,31,,0,unknown
2026-06-11 18:48:49,21156,nvsphelper64.exe,0.0,0.02445458585719547,4104192,6,,0,unknown
2026-06-11 18:48:49,21328,ChsIME.exe,0.0,0.011739177442426169,1970176,2,,0,unknown
2026-06-11 18:48:49,21496,conhost.exe,0.0,0.0580613370801078,9744384,5,,0,unknown
2026-06-11 18:48:49,21500,python3.13.exe,0.0,0.9620512174698485,161460224,46,,0,unknown
2026-06-11 18:48:49,21580,NVIDIA Overlay.exe,0.0,0.1668866847220585,28008448,27,,0,unknown
2026-06-11 18:48:49,21884,360DesktopLite64.exe,0.0,0.5835664694924161,97939456,40,,0,unknown
2026-06-11 18:48:49,22052,svchost.exe,0.0,0.012764219963386458,2142208,1,,0,unknown
2026-06-11 18:48:49,22380,Trae CN.exe,0.0,1.6609593763446056,278757376,26,,0,unknown
2026-06-11 18:48:49,22404,msedgewebview2.exe,0.0,0.07885505679101652,13234176,23,,0,unknown
2026-06-11 18:48:49,22432,crashpad_handler.exe,0.0,0.01315471235232371,2207744,6,,0,unknown
2026-06-11 18:48:49,22628,msedge.exe,0.0,0.3415099998999363,57315328,22,,0,unknown
2026-06-11 18:48:49,22660,svchost.exe,0.0,0.06728671976875042,11292672,4,,0,unknown
2026-06-11 18:48:49,22992,svchost.exe,0.0,0.01549766668594723,2600960,3,,0,unknown
2026-06-11 18:48:49,23028,AsusSoftwareManagerAgent.exe,0.0,0.09030136494173976,15155200,9,,0,unknown
2026-06-11 18:48:49,23056,svchost.exe,0.0,0.06438243262602959,10805248,7,,0,unknown
2026-06-11 18:48:49,23132,Trae CN.exe,0.0,0.3719195946884249,62418944,26,,0,unknown
2026-06-11 18:48:49,23344,GameViewer.exe,0.0,0.26136143707056514,43864064,90,,0,unknown
2026-06-11 18:48:49,23540,msedge.exe,0.0,2.083398923851788,349655040,32,,0,unknown
2026-06-11 18:48:49,23668,Trae CN.exe,0.0,0.3791437038837641,63631360,19,,0,unknown
2026-06-11 18:48:49,24192,powershell.exe,0.0,0.46322159637681637,77742080,9,,0,unknown
2026-06-11 18:48:49,24384,RuntimeBroker.exe,0.0,0.014350595293444046,2408448,2,,0,unknown
2026-06-11 18:48:49,24416,ApplicationFrameHost.exe,0.0,0.07275361321387196,12210176,68,,0,unknown
2026-06-11 18:48:49,24480,powershell.exe,0.0,0.5312648951491328,89161728,10,,0,unknown
2026-06-11 18:48:49,24692,svchost.exe,0.0,0.02311226827022366,3878912,4,,0,unknown
2026-06-11 18:48:49,24728,msedgewebview2.exe,0.0,0.09835527046357061,16506880,23,,0,unknown
2026-06-11 18:48:49,24836,IntelGraphicsSoftware.exe,0.0,0.14826507892461324,24883200,72,,0,unknown
2026-06-11 18:48:49,24916,svchost.exe,0.0,0.21362374252298597,35852288,21,,0,unknown
2026-06-11 18:48:49,25236,RtkAudUService64.exe,0.0,0.043905987981132384,7368704,12,,0,unknown
2026-06-11 18:48:49,25308,TranslucentTB.exe,0.0,0.18548388474519517,31129600,31,,0,unknown
2026-06-11 18:48:49,25684,msedge.exe,0.0,0.9841628489934204,165171200,89,,0,unknown
2026-06-11 18:48:49,25736,powershell.exe,0.0,0.5219418893632558,87597056,12,,0,unknown
2026-06-11 18:48:49,25980,svchost.exe,0.0,0.041392193227348814,6946816,10,,0,unknown
2026-06-11 18:48:49,26012,msedgewebview2.exe,0.0,0.20647285065057255,34652160,54,,0,unknown
2026-06-11 18:48:49,26428,svchost.exe,0.0,0.09645162006750149,16187392,11,,0,unknown
2026-06-11 18:48:49,26548,taskhostw.exe,0.0,0.06660335808811021,11177984,6,,0,unknown
2026-06-11 18:48:49,26852,svchost.exe,0.0,0.2286576994970702,38375424,11,,0,unknown
2026-06-11 18:48:49,26880,svchost.exe,0.0,0.07216787463046606,12111872,3,,0,unknown
2026-06-11 18:48:49,26884,msedge.exe,0.0,0.9578534242887731,160755712,31,,0,unknown
2026-06-11 18:48:49,26904,svchost.exe,0.0,0.028603567489653783,4800512,8,,0,unknown
2026-06-11 18:48:49,26936,Trae CN.exe,0.0,0.8434147485558494,141549568,29,,0,unknown
2026-06-11 18:48:49,27000,msedge.exe,0.0,0.12102823479623985,20312064,8,,0,unknown
2026-06-11 18:48:49,27196,svchost.exe,0.0,0.0335335338999866,5627904,3,,0,unknown
2026-06-11 18:48:49,27348,msedgewebview2.exe,0.0,0.01998832915872564,3354624,8,,0,unknown
2026-06-11 18:48:49,27372,svchost.exe,0.0,0.2307077845389908,38719488,27,,0,unknown
2026-06-11 18:48:49,27448,sppsvc.exe,0.0,0.10443230826640659,17526784,12,,0,unknown
2026-06-11 18:48:49,27568,conhost.exe,0.0,0.06926358748774525,11624448,2,,0,unknown
2026-06-11 18:48:49,27656,SearchProtocolHost.exe,0.0,0.07497453867595258,12582912,5,,0,unknown
2026-06-11 18:48:49,28164,wsctrlsvc.exe,0.0,0.012666596866152145,2125824,3,,0,unknown
2026-06-11 18:48:49,28580,msedge.exe,0.0,0.1244694489737494,20889600,9,,0,unknown
2026-06-11 18:48:49,28584,Trae CN.exe,0.0,1.3630136835854816,228753408,27,,0,unknown
2026-06-11 18:48:49,28676,SystemSettings.exe,0.0,0.023209891367457977,3895296,67,,0,unknown
2026-06-11 18:48:49,28692,crashpad_handler.exe,0.0,0.014692276133764143,2465792,6,,0,unknown
2026-06-11 18:48:49,28732,Trae CN.exe,0.0,0.5097634079832751,85553152,54,,0,unknown
2026-06-11 18:48:49,28880,msedge.exe,0.0,0.21699173937756977,36417536,14,,0,unknown
2026-06-11 18:48:49,28884,msedge.exe,0.0,1.8270894820630983,306638848,68,,0,unknown
2026-06-11 18:48:49,28920,backgroundTaskHost.exe,0.0,0.01659592652983325,2785280,12,,0,unknown
2026-06-11 18:48:49,28948,audiodg.exe,0.0,0.16671584430189845,27979776,6,,0,unknown
2026-06-11 18:48:49,29248,RuntimeBroker.exe,0.0,0.0722410919533918,12124160,9,,0,unknown
2026-06-11 18:48:49,29436,svchost.exe,0.0,0.00851761523369383,1429504,3,,0,unknown
2026-06-11 18:48:49,29500,conhost.exe,0.0,0.05047114127013994,8470528,2,,0,unknown
2026-06-11 18:48:49,29560,GameViewerServer.exe,0.0,0.3769959957446092,63270912,94,,0,unknown
2026-06-11 18:48:49,29584,SearchFilterHost.exe,0.0,0.07370543841190651,12369920,1,,0,unknown
2026-06-11 18:48:49,29800,powershell.exe,0.0,0.522454410623736,87683072,11,,0,unknown
2026-06-11 18:48:49,30052,smartscreen.exe,0.0,0.0867625276669959,14561280,3,,0,unknown
2026-06-11 18:48:49,30088,Trae CN.exe,0.0,1.0239198553420945,171843584,36,,0,unknown
2026-06-11 18:48:49,30116,WmiPrvSE.exe,0.0,0.11465832770170092,19243008,6,,0,unknown
2026-06-11 18:48:49,30184,Trae CN.exe,0.0,1.7117233869064485,287277056,90,,0,unknown
2026-06-11 18:48:49,30204,conhost.exe,0.0,0.057500004271010506,9650176,5,,0,unknown
2026-06-11 18:48:49,30208,svchost.exe,0.0,0.036584255688558893,6139904,3,,0,unknown
2026-06-11 18:48:49,30352,conhost.exe,0.0,0.05740238117377618,9633792,5,,0,unknown
2026-06-11 18:48:49,30356,Trae CN.exe,0.0,3.956908188649802,664084480,36,,0,unknown
2026-06-11 18:48:49,30512,HipsDaemon.exe,0.0,0.06179542054932029,10371072,116,,0,unknown
2026-06-11 18:48:49,30600,asus_framework.exe,0.0,0.048079375387899276,8069120,22,,0,unknown
2026-06-11 18:48:49,30916,svchost.exe,0.0,0.07343697489451215,12324864,5,,0,unknown
2026-06-11 18:48:49,31024,msedge.exe,0.0,1.4428693771231498,242155520,35,,0,unknown
2026-06-11 18:48:49,31304,WidgetService.exe,0.0,0.044906624727784096,7536640,6,,0,unknown
2026-06-11 18:48:49,31316,msedge.exe,0.0,0.19031622805829368,31940608,13,,0,unknown
2026-06-11 18:48:49,31432,Trae CN.exe,0.0,0.6795543798480544,114049024,14,,0,unknown
2026-06-11 18:48:49,31636,ArmourySwAgent.exe,0.0,0.009347411560185493,1568768,4,,0,unknown
2026-06-11 18:49:48,0,System Idle Process,6344.5,4.881154861715662e-05,8192,60,,0,unknown
2026-06-11 18:49:48,4,System,0.0,0.00029286929170293976,49152,472,,0,unknown
2026-06-11 18:49:48,320,Registry,0.0,0.3380687857224268,56737792,4,,0,unknown
2026-06-11 18:49:48,512,agent-tool-host.exe,0.0,0.1200764095982053,20152320,30,,0,unknown
2026-06-11 18:49:48,904,smss.exe,0.0,0.0021233023648463134,356352,2,,0,unknown
2026-06-11 18:49:48,1084,fontdrvhost.exe,0.0,0.03263052025056921,5476352,5,,0,unknown
2026-06-11 18:49:48,1092,fontdrvhost.exe,0.0,0.0051496183791100245,864256,5,,0,unknown
2026-06-11 18:49:48,1140,WUDFHost.exe,0.0,0.015741724429033013,2641920,6,,0,unknown
2026-06-11 18:49:48,1392,RuntimeBroker.exe,0.0,0.024942701343367034,4186112,3,,0,unknown
2026-06-11 18:49:48,1628,csrss.exe,0.0,0.020207981127502845,3391488,16,,0,unknown
2026-06-11 18:49:48,1736,wininit.exe,0.0,0.011104627310403133,1863680,2,,0,unknown
2026-06-11 18:49:48,1744,csrss.exe,0.0,0.022477718138200625,3772416,18,,0,unknown
2026-06-11 18:49:48,1832,winlogon.exe,0.0,0.020427633096280047,3428352,4,,0,unknown
2026-06-11 18:49:48,1852,services.exe,0.0,0.0477132887732706,8007680,9,,0,unknown
2026-06-11 18:49:48,1868,Trae CN.exe,0.0,1.2255115511309513,205676544,59,,0,unknown
2026-06-11 18:49:48,1884,lsass.exe,0.0,0.13044886367935107,21893120,11,,0,unknown
2026-06-11 18:49:48,1960,svchost.exe,0.0,0.09225382688642601,15482880,12,,0,unknown
2026-06-11 18:49:48,1964,RuntimeBroker.exe,0.0,0.14387203954906916,24145920,12,,0,unknown
2026-06-11 18:49:48,1988,msedge.exe,0.0,0.4459179023920344,74838016,28,,0,unknown
2026-06-11 18:49:48,2044,svchost.exe,0.0,0.19673494670144975,33017856,23,,0,unknown
2026-06-11 18:49:48,2160,svchost.exe,0.0,0.02889643678135672,4849664,6,,0,unknown
2026-06-11 18:49:48,2192,WUDFHost.exe,0.0,0.04881154861715662,8192000,23,,0,unknown
2026-06-11 18:49:48,2252,Steam++.exe,0.0,2.8269940554855517,474451968,121,,0,unknown
2026-06-11 18:49:48,2292,dwm.exe,0.0,0.46388055228314795,77852672,136,,0,unknown
2026-06-11 18:49:48,2348,svchost.exe,0.0,0.10887415919056787,18272256,8,,0,unknown
2026-06-11 18:49:48,2356,svchost.exe,0.0,0.027066003708213347,4542464,5,,0,unknown
2026-06-11 18:49:48,2364,svchost.exe,0.0,0.021501487165857494,3608576,5,,0,unknown
2026-06-11 18:49:48,2376,svchost.exe,0.0,0.013130306578015134,2203648,3,,0,unknown
2026-06-11 18:49:48,2388,svchost.exe,0.0,0.07316851137711779,12279808,9,,0,unknown
2026-06-11 18:49:48,2576,svchost.exe,0.0,0.03209359321578048,5386240,6,,0,unknown
2026-06-11 18:49:48,2648,svchost.exe,0.0,0.02152589294016607,3612672,5,,0,unknown
2026-06-11 18:49:48,2656,svchost.exe,0.0,0.03843909453601084,6451200,3,,0,unknown
2026-06-11 18:49:48,2664,svchost.exe,0.0,0.028530350166728047,4788224,6,,0,unknown
2026-06-11 18:49:48,2684,svchost.exe,0.0,0.041392193227348814,6946816,10,,0,unknown
2026-06-11 18:49:48,2756,msedge.exe,0.0,0.34722095108814366,58273792,15,,0,unknown
2026-06-11 18:49:48,2768,Trae CN.exe,0.0,3.9006040673199114,654635008,10,,0,unknown
2026-06-11 18:49:48,2836,SecurityHealthService.exe,0.0,0.05903756805245093,9908224,10,,0,unknown
2026-06-11 18:49:48,2848,svchost.exe,0.0,0.030238754368328527,5074944,9,,0,unknown
2026-06-11 18:49:48,2956,conhost.exe,0.0,0.011739177442426169,1970176,3,,0,unknown
2026-06-11 18:49:48,2960,svchost.exe,0.0,0.07595076964829571,12746752,13,,0,unknown
2026-06-11 18:49:48,2972,svchost.exe,0.0,0.01896328663776535,3182592,3,,0,unknown
2026-06-11 18:49:48,2980,svchost.exe,0.0,0.031605477729608915,5304320,4,,0,unknown
2026-06-11 18:49:48,2988,svchost.exe,0.0,0.043369060946343664,7278592,3,,0,unknown
2026-06-11 18:49:48,2996,svchost.exe,0.0,0.11214453294791735,18821120,4,,0,unknown
2026-06-11 18:49:48,3132,svchost.exe,0.0,0.05588922316664434,9379840,7,,0,unknown
2026-06-11 18:49:48,3212,svchost.exe,0.0,0.028823219458430985,4837376,11,,0,unknown
2026-06-11 18:49:48,3228,AsusCertService.exe,0.0,0.011495119699340386,1929216,4,,0,unknown
2026-06-11 18:49:48,3468,IntelCpHDCPSvc.exe,0.0,0.011177844633328868,1875968,3,,0,unknown
2026-06-11 18:49:48,3520,Steam++.Accelerator.exe,0.0,0.7543824838781557,126607360,43,,0,unknown
2026-06-11 18:49:48,3544,svchost.exe,0.0,0.01344758164402665,2256896,3,,0,unknown
2026-06-11 18:49:48,3560,esrv.exe,0.0,0.15414687053298062,25870336,59,,0,unknown
2026-06-11 18:49:48,3568,svchost.exe,0.0,0.009445034657419808,1585152,4,,0,unknown
2026-06-11 18:49:48,3708,asus_framework.exe,0.0,0.07660972555462732,12857344,35,,0,unknown
2026-06-11 18:49:48,3760,msedgewebview2.exe,0.0,0.061722203226394545,10358784,21,,0,unknown
2026-06-11 18:49:48,3768,svchost.exe,0.0,0.06352823052522934,10661888,15,,0,unknown
2026-06-11 18:49:48,3940,powershell.exe,0.0,0.46158640949814156,77467648,10,,0,unknown
2026-06-11 18:49:48,3948,PresentMonService.exe,0.0,0.01288624883492935,2162688,11,,0,unknown
2026-06-11 18:49:48,3968,svchost.exe,0.0,0.01186120631396906,1990656,4,,0,unknown
2026-06-11 18:49:48,4044,svchost.exe,0.0,0.1236884641958749,20758528,3,,0,unknown
2026-06-11 18:49:48,4052,NVDisplay.Container.exe,0.0,0.12581176656072118,21114880,41,,0,unknown
2026-06-11 18:49:48,4084,svchost.exe,0.0,0.09564622951531841,16052224,8,,0,unknown
2026-06-11 18:49:48,4100,svchost.exe,0.0,0.03485144571264983,6070272,8,,0,unknown
2026-06-11 18:49:48,4200,MemCompression,0.0,1.7204118425603023,288735232,78,,0,unknown
2026-06-11 18:49:48,4240,svchost.exe,0.0,0.011592742796574698,1945600,3,,0,unknown
2026-06-11 18:49:48,4272,svchost.exe,0.0,0.024259339662726843,4071424,8,,0,unknown
2026-06-11 18:49:48,4280,svchost.exe,0.0,0.020232386901811422,3395584,3,,0,unknown
2026-06-11 18:49:48,4360,svchost.exe,0.0,0.0675307775118362,11333632,10,,0,unknown
2026-06-11 18:49:48,4400,svchost.exe,0.0,0.025943338090018746,4354048,6,,0,unknown
2026-06-11 18:49:48,4440,svchost.exe,0.0,0.04690789822108752,7872512,6,,0,unknown
2026-06-11 18:49:48,4476,GameViewerHealthd.exe,0.0,0.026675511319276098,4476928,6,,0,unknown
2026-06-11 18:49:48,4496,svchost.exe,0.0,0.07304648250557488,12259328,15,,0,unknown
2026-06-11 18:49:48,4520,svchost.exe,0.0,0.05859826411489653,9834496,12,,0,unknown
2026-06-11 18:49:48,4544,svchost.exe,0.0,0.021501487165857494,3608576,8,,0,unknown
2026-06-11 18:49:48,4796,AsusOptimization.exe,0.0,0.019158532832233975,3215360,10,,0,unknown
2026-06-11 18:49:48,4944,spoolsv.exe,0.0,0.017669780599410698,2965504,7,,0,unknown
2026-06-11 18:49:48,5032,svchost.exe,0.0,0.06818973341816781,11444224,15,,0,unknown
2026-06-11 18:49:48,5064,Trae CN.exe,0.0,0.19168295141957406,32169984,18,,0,unknown
2026-06-11 18:49:48,5080,svchost.exe,0.0,0.022648558558360673,3801088,6,,0,unknown
2026-06-11 18:49:48,5248,unsecapp.exe,0.0,0.019622242544096963,3293184,3,,0,unknown
2026-06-11 18:49:48,5312,AsusSystemAnalysis.exe,0.0,0.06462649036911537,10846208,9,,0,unknown
2026-06-11 18:49:48,5320,svchost.exe,0.0,0.35476233534949436,59539456,11,,0,unknown
2026-06-11 18:49:48,5328,svchost.exe,0.0,0.26704798248446393,44818432,18,,0,unknown
2026-06-11 18:49:48,5340,DAX3API.exe,0.0,0.025089135989218504,4210688,8,,0,unknown
2026-06-11 18:49:48,5352,svchost.exe,0.0,0.02774936538885354,4657152,2,,0,unknown
2026-06-11 18:49:48,5368,svchost.exe,0.0,0.006858022580710506,1150976,3,,0,unknown
2026-06-11 18:49:48,5380,svchost.exe,0.0,0.016010187946427373,2686976,6,,0,unknown
2026-06-11 18:49:48,5392,MsMpEng.exe,0.0,0.7696360928210171,129167360,10,,0,unknown
2026-06-11 18:49:48,5400,svchost.exe,0.0,0.08434635601044665,14155776,13,,0,unknown
2026-06-11 18:49:48,5408,MpDefenderCoreService.exe,0.0,0.08554223895156698,14356480,10,,0,unknown
2026-06-11 18:49:48,5416,RtkAudUService64.exe,0.0,0.032728143347803516,5492736,17,,0,unknown
2026-06-11 18:49:48,5428,svchost.exe,0.0,0.06609083682763008,11091968,8,,0,unknown
2026-06-11 18:49:48,5520,AsusSwitch.exe,0.0,0.014497029939295518,2433024,7,,0,unknown
2026-06-11 18:49:48,5540,svchost.exe,0.0,0.030726869854500096,5156864,6,,0,unknown
2026-06-11 18:49:48,5552,crashpad_handler.exe,0.0,0.008786078751088193,1474560,6,,0,unknown
2026-06-11 18:49:48,5560,ipfsvc.exe,0.0,0.023771224176555274,3989504,9,,0,unknown
2026-06-11 18:49:48,5588,ArmouryCrateControlInterface.exe,0.0,0.012129669831363422,2035712,3,,0,unknown
2026-06-11 18:49:48,5628,DSAService.exe,0.0,0.2057162716470066,34525184,15,,0,unknown
2026-06-11 18:49:48,5636,AsusSoftwareManager.exe,0.0,0.028750002135505253,4825088,11,,0,unknown
2026-06-11 18:49:48,5644,AsusAppService.exe,0.0,0.03663306723717605,6148096,4,,0,unknown
2026-06-11 18:49:48,5672,AsusSystemDiagnosis.exe,0.0,0.012739814189077877,2138112,2,,0,unknown
2026-06-11 18:49:48,5680,ArmouryCrate.Service.exe,0.0,0.1362574379647927,22867968,99,,0,unknown
2026-06-11 18:49:48,5692,ipf_uf.exe,0.0,0.014155349098975421,2375680,3,,0,unknown
2026-06-11 18:49:48,5700,IntelGraphicsSoftware.Service.exe,0.0,0.04278332236293778,7180288,15,,0,unknown
2026-06-11 18:49:48,5716,FeverGamesService.exe,0.0,0.03399724361184959,5705728,3,,0,unknown
2026-06-11 18:49:48,5724,AsusPTPService.exe,0.0,0.017523345953559227,2940928,4,,0,unknown
2026-06-11 18:49:48,5748,nvcontainer.exe,0.0,0.13362161433946626,22425600,32,,0,unknown
2026-06-11 18:49:48,5800,SurSvc.exe,0.0,0.1058966547249213,17772544,11,,0,unknown
2026-06-11 18:49:48,5808,WMIRegistrationService.exe,0.0,0.01444821839067836,2424832,2,,0,unknown
2026-06-11 18:49:48,5816,ROGLiveService.exe,0.0,0.0631377381362921,10596352,31,,0,unknown
2026-06-11 18:49:48,5824,DSAUpdateService.exe,0.0,0.13769737864899884,23109632,10,,0,unknown
2026-06-11 18:49:48,5832,IntelAudioService.exe,0.0,0.030629246757265784,5140480,5,,0,unknown
2026-06-11 18:49:48,5904,GameViewerService.exe,0.0,0.016693549627067567,2801664,5,,0,unknown
2026-06-11 18:49:48,6292,jhi_service.exe,0.0,0.010055179015134265,1687552,2,,0,unknown
2026-06-11 18:49:48,6440,svchost.exe,0.0,0.09313243476153484,15630336,5,,0,unknown
2026-06-11 18:49:48,6612,msedgewebview2.exe,0.0,0.0106897291471573,1794048,11,,0,unknown
2026-06-11 18:49:48,6648,svchost.exe,0.0,0.029775044656465542,4997120,9,,0,unknown
2026-06-11 18:49:48,6692,msedgewebview2.exe,0.0,0.05696307723622178,9560064,32,,0,unknown
2026-06-11 18:49:48,6816,svchost.exe,0.0,0.02311226827022366,3878912,12,,0,unknown
2026-06-11 18:49:48,6932,DataExchangeHost.exe,0.0,0.038561123407553737,6471680,2,,0,unknown
2026-06-11 18:49:48,6976,WmiPrvSE.exe,0.0,0.18567913093966382,31162368,6,,0,unknown
2026-06-11 18:49:48,7548,svchost.exe,0.0,0.011153438859020289,1871872,2,,0,unknown
2026-06-11 18:49:48,7648,WUDFHost.exe,0.0,0.04002546986606843,6717440,11,,0,unknown
2026-06-11 18:49:48,8132,wlanext.exe,0.0,0.02155029871447465,3616768,7,,0,unknown
2026-06-11 18:49:48,8164,ShellExperienceHost.exe,0.0,0.04710314441555614,7905280,40,,0,unknown
2026-06-11 18:49:48,8236,WUDFHost.exe,0.0,0.04588285570012723,7700480,8,,0,unknown
2026-06-11 18:49:48,8244,conhost.exe,0.0,0.007297326518264915,1224704,2,,0,unknown
2026-06-11 18:49:48,8316,Steam++.exe,0.0,0.668010448600097,112111616,14,,0,unknown
2026-06-11 18:49:48,8648,Intel_PIE_Service.exe,0.0,0.01779180947095359,2985984,5,,0,unknown
2026-06-11 18:49:48,8692,Trae CN.exe,0.0,1.2919684745732103,216829952,80,,0,unknown
2026-06-11 18:49:48,8864,msedge.exe,0.0,0.6435802685172102,108011520,32,,0,unknown
2026-06-11 18:49:48,9204,AggregatorHost.exe,0.0,0.047078738641247564,7901184,3,,0,unknown
2026-06-11 18:49:48,9228,SecurityHealthSystray.exe,0.0,0.025626063024007228,4300800,1,,0,unknown
2026-06-11 18:49:48,9776,SearchProtocolHost.exe,0.0,0.10099109408889706,16949248,5,,0,unknown
2026-06-11 18:49:48,9868,svchost.exe,0.0,0.01288624883492935,2162688,7,,0,unknown
2026-06-11 18:49:48,10072,msedgewebview2.exe,0.0,0.017279288210473445,2899968,8,,0,unknown
2026-06-11 18:49:48,10428,svchost.exe,0.0,0.09364495602201499,15716352,5,,0,unknown
2026-06-11 18:49:48,10456,SnippingTool.exe,0.0,0.1156833702226612,19415040,30,,0,unknown
2026-06-11 18:49:48,10736,NVIDIA Overlay.exe,0.0,0.3101241741391046,52047872,148,,0,unknown
2026-06-11 18:49:48,11000,SearchIndexer.exe,0.0,0.220335330457845,36978688,13,,0,unknown
2026-06-11 18:49:48,11020,svchost.exe,0.0,0.12798388047418466,21479424,11,,0,unknown
2026-06-11 18:49:48,11048,NVDisplay.Container.exe,0.0,0.13498833770074664,22654976,30,,0,unknown
2026-06-11 18:49:48,11276,nvcontainer.exe,0.0,0.13223048520387728,22192128,24,,0,unknown
2026-06-11 18:49:48,11300,svchost.exe,0.0,0.020134763804577106,3379200,8,,0,unknown
2026-06-11 18:49:48,11824,svchost.exe,0.0,0.03111736224343735,5222400,3,,0,unknown
2026-06-11 18:49:48,11872,svchost.exe,0.0,0.026943974836670454,4521984,4,,0,unknown
2026-06-11 18:49:48,12216,msedgewebview2.exe,0.0,0.03912245621665104,6565888,84,,0,unknown
2026-06-11 18:49:48,12312,svchost.exe,0.0,0.0268951632880533,4513792,5,,0,unknown
2026-06-11 18:49:48,12352,UserOOBEBroker.exe,0.0,0.03355793967429518,5632000,1,,0,unknown
2026-06-11 18:49:48,12784,DAX3API.exe,0.0,0.02997029085093417,5029888,3,,0,unknown
2026-06-11 18:49:48,12792,AsusOptimizationStartupTask.exe,0.0,0.012617785317534986,2117632,6,,0,unknown
2026-06-11 18:49:48,12816,ipf_helper.exe,0.0,0.035461590070364285,5951488,4,,0,unknown
2026-06-11 18:49:48,12828,ArmouryCrate.UserSessionHelper.exe,0.0,0.14167551986129712,23777280,107,,0,unknown
2026-06-11 18:49:48,12856,sihost.exe,0.0,0.15317063956063748,25706496,14,,0,unknown
2026-06-11 18:49:48,12864,DSATray.exe,0.0,0.13711164006559295,23011328,12,,0,unknown
2026-06-11 18:49:48,12872,nvcontainer.exe,0.0,0.04825021580805933,8097792,18,,0,unknown
2026-06-11 18:49:48,12940,svchost.exe,0.0,0.03119057956636308,5234688,4,,0,unknown
2026-06-11 18:49:48,12948,svchost.exe,0.0,0.08876380116029932,14897152,9,,0,unknown
2026-06-11 18:49:48,12964,AsusSurvey.exe,0.0,0.08515174656262972,14290944,9,,0,unknown
2026-06-11 18:49:48,13148,conhost.exe,0.0,0.008883701848322505,1490944,2,,0,unknown
2026-06-11 18:49:48,13252,StartMenuExperienceHost.exe,0.0,0.6631536995126899,111296512,40,,0,unknown
2026-06-11 18:49:48,13268,msedgewebview2.exe,0.0,0.03690153075457041,6193152,11,,0,unknown
2026-06-11 18:49:48,13400,conhost.exe,0.0,0.05935484311846245,9961472,8,,0,unknown
2026-06-11 18:49:48,13544,svchost.exe,0.0,0.043369060946343664,7278592,5,,0,unknown
2026-06-11 18:49:48,13600,RtkAudUService64.exe,0.0,0.030482812111414313,5115904,6,,0,unknown
2026-06-11 18:49:48,13704,svchost.exe,0.0,0.12517721642869817,21008384,8,,0,unknown
2026-06-11 18:49:48,13764,msedgewebview2.exe,0.0,0.07658531978031874,12853248,53,,0,unknown
2026-06-11 18:49:48,13844,explorer.exe,0.0,2.0390780377074096,342216704,220,,0,unknown
2026-06-11 18:49:48,13860,ShellHost.exe,0.0,0.05835420637181074,9793536,29,,0,unknown
2026-06-11 18:49:48,13872,svchost.exe,0.0,0.06635930034502444,11137024,5,,0,unknown
2026-06-11 18:49:48,14192,svchost.exe,0.0,0.008932513396939663,1499136,2,,0,unknown
2026-06-11 18:49:48,14316,svchost.exe,0.0,0.011348685053488915,1904640,1,,0,unknown
2026-06-11 18:49:48,14340,RuntimeBroker.exe,0.0,0.09437712925127234,15839232,5,,0,unknown
2026-06-11 18:49:48,14448,ChsIME.exe,0.0,0.07351019221743788,12337152,2,,0,unknown
2026-06-11 18:49:48,14708,svchost.exe,0.0,0.12842318441173908,21553152,5,,0,unknown
2026-06-11 18:49:48,14740,RuntimeBroker.exe,0.0,0.20981644173084776,35213312,6,,0,unknown
2026-06-11 18:49:48,14764,msedgewebview2.exe,0.0,0.16866830624658471,28307456,82,,0,unknown
2026-06-11 18:49:48,14772,CrossDeviceResume.exe,0.0,0.045443551762572816,7626752,28,,0,unknown
2026-06-11 18:49:48,14800,svchost.exe,0.0,0.080563460992617,13520896,10,,0,unknown
2026-06-11 18:49:48,14844,SearchHost.exe,0.0,0.3424862308722795,57479168,35,,0,unknown
2026-06-11 18:49:48,14872,esrv_svc.exe,0.0,0.3253045657590403,54595584,94,,0,unknown
2026-06-11 18:49:48,14928,taskhostw.exe,0.0,0.057451192722393345,9641984,8,,0,unknown
2026-06-11 18:49:48,14940,crashpad_handler.exe,0.0,0.015448855137330072,2592768,6,,0,unknown
2026-06-11 18:49:48,15044,AcPowerNotification.exe,0.0,0.085078529239704,14278656,18,,0,unknown
2026-06-11 18:49:48,15156,ArmourySocketServer.exe,0.0,0.0060770378028359995,1019904,16,,0,unknown
2026-06-11 18:49:48,15240,MicrosoftEdgeUpdate.exe,0.0,0.03553480739329002,5963776,4,,0,unknown
2026-06-11 18:49:48,15296,msedge.exe,0.0,0.08473684839938389,14221312,9,,0,unknown
2026-06-11 18:49:48,15408,Widgets.exe,0.0,0.25399089322937446,42627072,13,,0,unknown
2026-06-11 18:49:48,15548,svchost.exe,0.0,0.012178481379980578,2043904,3,,0,unknown
2026-06-11 18:49:48,15896,svchost.exe,0.0,0.07492572712733542,12574720,5,,0,unknown
2026-06-11 18:49:48,16452,HipsTray.exe,0.0,0.04563879795704145,7659520,12,,0,unknown
2026-06-11 18:49:48,16520,msedgewebview2.exe,0.0,0.03707237117473046,6221824,33,,0,unknown
2026-06-11 18:49:48,16688,Trae CN.exe,0.0,0.8629637737770205,144830464,24,,0,unknown
2026-06-11 18:49:48,16844,msedgewebview2.exe,0.0,0.2257534123543494,37888000,49,,0,unknown
2026-06-11 18:49:48,17076,asus_framework.exe,0.0,0.014179754873284,2379776,27,,0,unknown
2026-06-11 18:49:48,17196,asus_framework.exe,0.0,0.040586802675165734,6811648,13,,0,unknown
2026-06-11 18:49:48,17448,NVIDIA Overlay.exe,0.0,0.09786715497739903,16424960,104,,0,unknown
2026-06-11 18:49:48,17464,NVIDIA Overlay.exe,0.0,0.10074703634581127,16908288,20,,0,unknown
2026-06-11 18:49:48,17812,msedgewebview2.exe,0.0,0.016962013144461927,2846720,8,,0,unknown
2026-06-11 18:49:48,17836,svchost.exe,0.0,0.045297117116721346,7602176,5,,0,unknown
2026-06-11 18:49:48,17980,msedge.exe,0.0,0.13183999281494005,22126592,9,,0,unknown
2026-06-11 18:49:48,18148,ArmouryCrate.exe,0.0,0.012202887154289155,2048000,37,,0,unknown
2026-06-11 18:49:48,18492,msedgewebview2.exe,0.0,0.15573324586303822,26136576,21,,0,unknown
2026-06-11 18:49:48,18516,msedgewebview2.exe,0.0,0.07268039589094621,12197888,81,,0,unknown
2026-06-11 18:49:48,18568,msedgewebview2.exe,0.0,0.03897602157079957,6541312,10,,0,unknown
2026-06-11 18:49:48,18780,msedgewebview2.exe,0.0,0.24910973836765882,41807872,31,,0,unknown
2026-06-11 18:49:48,19420,conhost.exe,0.0,0.05808574285441639,9748480,8,,0,unknown
2026-06-11 18:49:48,19696,TextInputHost.exe,0.0,0.49014116543917824,82259968,110,,0,unknown
2026-06-11 18:49:48,19900,nvcontainer.exe,0.0,0.3429987521327596,57565184,61,,0,unknown
2026-06-11 18:49:48,20636,NVIDIA Overlay.exe,0.0,0.045004247825018405,7553024,11,,0,unknown
2026-06-11 18:49:48,20972,ctfmon.exe,0.0,0.16564199023232098,27799552,16,,0,unknown
2026-06-11 18:49:48,20984,TabTip.exe,0.0,0.11187606943052297,18776064,31,,0,unknown
2026-06-11 18:49:48,21156,nvsphelper64.exe,0.0,0.02443018008288689,4100096,6,,0,unknown
2026-06-11 18:49:48,21328,ChsIME.exe,0.0,0.011739177442426169,1970176,2,,0,unknown
2026-06-11 18:49:48,21496,conhost.exe,0.0,0.057890496659947756,9715712,5,,0,unknown
2026-06-11 18:49:48,21500,python3.13.exe,0.0,0.9481155203396503,159121408,46,,0,unknown
2026-06-11 18:49:48,21580,NVIDIA Overlay.exe,0.0,0.1662033230414183,27893760,27,,0,unknown
2026-06-11 18:49:48,21884,360DesktopLite64.exe,0.0,0.45946310713329536,77111296,42,,0,unknown
2026-06-11 18:49:48,22052,svchost.exe,0.0,0.012764219963386458,2142208,1,,0,unknown
2026-06-11 18:49:48,22380,Trae CN.exe,0.0,1.6374566156854446,274812928,24,,0,unknown
2026-06-11 18:49:48,22404,msedgewebview2.exe,0.0,0.07883065101670794,13230080,23,,0,unknown
2026-06-11 18:49:48,22432,crashpad_handler.exe,0.0,0.01315471235232371,2207744,6,,0,unknown
2026-06-11 18:49:48,22628,msedge.exe,0.0,0.3341150502844371,56074240,23,,0,unknown
2026-06-11 18:49:48,22992,svchost.exe,0.0,0.01549766668594723,2600960,3,,0,unknown
2026-06-11 18:49:48,23028,AsusSoftwareManagerAgent.exe,0.0,0.08959359748679098,15036416,9,,0,unknown
2026-06-11 18:49:48,23056,svchost.exe,0.0,0.06440683840033816,10809344,7,,0,unknown
2026-06-11 18:49:48,23132,Trae CN.exe,0.0,0.37465304141098565,62877696,26,,0,unknown
2026-06-11 18:49:48,23344,GameViewer.exe,0.0,0.2573344843096497,43188224,87,,0,unknown
2026-06-11 18:49:48,23540,msedge.exe,0.0,1.7631219476003144,295903232,32,,0,unknown
2026-06-11 18:49:48,23668,Trae CN.exe,0.0,0.3715535080737962,62357504,19,,0,unknown
2026-06-11 18:49:48,24192,powershell.exe,0.0,0.46207452498431323,77549568,9,,0,unknown
2026-06-11 18:49:48,24384,RuntimeBroker.exe,0.0,0.014326189519135469,2404352,2,,0,unknown
2026-06-11 18:49:48,24416,ApplicationFrameHost.exe,0.0,0.07238752659924327,12148736,68,,0,unknown
2026-06-11 18:49:48,24480,powershell.exe,0.0,0.530557127694184,89042944,13,,0,unknown
2026-06-11 18:49:48,24692,svchost.exe,0.0,0.022941427850063614,3850240,2,,0,unknown
2026-06-11 18:49:48,24728,msedgewebview2.exe,0.0,0.09784274920309045,16420864,21,,0,unknown
2026-06-11 18:49:48,24836,IntelGraphicsSoftware.exe,0.0,0.14457980700401793,24264704,72,,0,unknown
2026-06-11 18:49:48,25236,RtkAudUService64.exe,0.0,0.04314940897756646,7241728,10,,0,unknown
2026-06-11 18:49:48,25308,TranslucentTB.exe,0.0,0.18487374038748072,31027200,31,,0,unknown
2026-06-11 18:49:48,25684,msedge.exe,0.0,0.9106038452273655,152825856,89,,0,unknown
2026-06-11 18:49:48,25736,powershell.exe,0.0,0.5202822967102725,87318528,12,,0,unknown
2026-06-11 18:49:48,25980,svchost.exe,0.0,0.04146541055027455,6959104,10,,0,unknown
2026-06-11 18:49:48,26012,msedgewebview2.exe,0.0,0.2062531986817953,34615296,53,,0,unknown
2026-06-11 18:49:48,26428,svchost.exe,0.0,0.09650043161611865,16195584,11,,0,unknown
2026-06-11 18:49:48,26548,taskhostw.exe,0.0,0.06655454653949307,11169792,6,,0,unknown
2026-06-11 18:49:48,26880,svchost.exe,0.0,0.07197262843599744,12079104,3,,0,unknown
2026-06-11 18:49:48,26884,msedge.exe,0.0,0.9248812231978838,155222016,31,,0,unknown
2026-06-11 18:49:48,26904,svchost.exe,0.0,0.028603567489653783,4800512,8,,0,unknown
2026-06-11 18:49:48,26936,Trae CN.exe,0.0,0.7784709831207225,130650112,27,,0,unknown
2026-06-11 18:49:48,27000,msedge.exe,0.0,0.12054011931006828,20230144,8,,0,unknown
2026-06-11 18:49:48,27196,svchost.exe,0.0,0.03346031657706087,5615616,3,,0,unknown
2026-06-11 18:49:48,27348,msedgewebview2.exe,0.0,0.019963923384417062,3350528,8,,0,unknown
2026-06-11 18:49:48,27372,svchost.exe,0.0,0.2302684806014364,38645760,27,,0,unknown
2026-06-11 18:49:48,27568,conhost.exe,0.0,0.0705570935260999,11841536,2,,0,unknown
2026-06-11 18:49:48,27656,SearchProtocolHost.exe,0.0,0.07480369825579253,12554240,5,,0,unknown
2026-06-11 18:49:48,28164,wsctrlsvc.exe,0.0,0.012666596866152145,2125824,3,,0,unknown
2026-06-11 18:49:48,28584,Trae CN.exe,0.0,1.3836365628762302,232214528,25,,0,unknown
2026-06-11 18:49:48,28676,SystemSettings.exe,0.0,0.023209891367457977,3895296,67,,0,unknown
2026-06-11 18:49:48,28692,crashpad_handler.exe,0.0,0.014692276133764143,2465792,6,,0,unknown
2026-06-11 18:49:48,28732,Trae CN.exe,0.0,0.5006356483918669,84021248,54,,0,unknown
2026-06-11 18:49:48,28880,msedge.exe,0.0,0.21145162860952252,35487744,13,,0,unknown
2026-06-11 18:49:48,28884,msedge.exe,0.0,1.8307259424350761,307249152,64,,0,unknown
2026-06-11 18:49:48,28920,backgroundTaskHost.exe,0.0,0.015058362748392819,2527232,12,,0,unknown
2026-06-11 18:49:48,28948,audiodg.exe,0.0,0.15375637814404336,25804800,4,,0,unknown
2026-06-11 18:49:48,29436,svchost.exe,0.0,0.00851761523369383,1429504,3,,0,unknown
2026-06-11 18:49:48,29500,conhost.exe,0.0,0.05037351817290563,8454144,2,,0,unknown
2026-06-11 18:49:48,29560,GameViewerServer.exe,0.0,0.37287141988645944,62578688,92,,0,unknown
2026-06-11 18:49:48,29584,SearchFilterHost.exe,0.0,0.07333935179727784,12308480,1,,0,unknown
2026-06-11 18:49:48,29800,powershell.exe,0.0,0.5205263544533583,87359488,9,,0,unknown
2026-06-11 18:49:48,30052,smartscreen.exe,0.0,0.08651846992391012,14520320,3,,0,unknown
2026-06-11 18:49:48,30088,Trae CN.exe,0.0,1.0010028332663394,167997440,34,,0,unknown
2026-06-11 18:49:48,30184,Trae CN.exe,0.0,1.5647762197944985,262615040,90,,0,unknown
2026-06-11 18:49:48,30204,conhost.exe,0.0,0.057353569625159036,9625600,5,,0,unknown
2026-06-11 18:49:48,30208,svchost.exe,0.0,0.03660866146286747,6144000,3,,0,unknown
2026-06-11 18:49:48,30352,conhost.exe,0.0,0.05725594652792473,9609216,5,,0,unknown
2026-06-11 18:49:48,30356,Trae CN.exe,0.0,3.77891687661734,634212352,36,,0,unknown
2026-06-11 18:49:48,30512,HipsDaemon.exe,0.0,0.050324706624288486,8445952,116,,0,unknown
2026-06-11 18:49:48,30600,asus_framework.exe,0.0,0.04859189664837942,8155136,20,,0,unknown
2026-06-11 18:49:48,30916,svchost.exe,0.0,0.07338816334589499,12316672,5,,0,unknown
2026-06-11 18:49:48,31024,msedge.exe,0.0,1.3619886410645214,228581376,35,,0,unknown
2026-06-11 18:49:48,31304,WidgetService.exe,0.0,0.044784595856241206,7516160,5,,0,unknown
2026-06-11 18:49:48,31316,msedge.exe,0.0,0.18946202595749342,31797248,11,,0,unknown
2026-06-11 18:49:48,31432,Trae CN.exe,0.0,0.6725499226214926,112873472,10,,0,unknown
2026-06-11 18:49:48,31636,ArmourySwAgent.exe,0.0,0.009347411560185493,1568768,4,,0,unknown
2026-06-11 18:50:43,512,agent-tool-host.exe,0.0,0.1200764095982053,0,30,高于正常(A),75.5,unknown
2026-06-11 18:50:43,1392,RuntimeBroker.exe,0.0,0.02491829556905846,0,3,正常(N),52.6,unknown
2026-06-11 18:50:43,1868,Trae CN.exe,0.0,1.2360304398579487,0,59,正常(N),66.0,unknown
2026-06-11 18:50:43,1964,RuntimeBroker.exe,0.0,0.1445065896810922,0,12,正常(N),54.5,unknown
2026-06-11 18:50:43,1988,msedge.exe,0.0,0.44042660317260424,0,28,正常(N),61.0,unknown
2026-06-11 18:50:43,2756,msedge.exe,0.0,0.34729416841106936,0,15,正常(N),58.3,unknown
2026-06-11 18:50:43,2768,Trae CN.exe,0.0,5.180662524030535,0,10,正常(N),61.1,unknown
2026-06-11 18:50:43,3560,esrv.exe,0.0,0.16805816188887027,0,59,高于正常(A),70.1,unknown
2026-06-11 18:50:43,3708,asus_framework.exe,0.0,0.07626804471430723,0,35,正常(N),62.1,unknown
2026-06-11 18:50:43,3760,msedgewebview2.exe,0.0,0.061722203226394545,0,21,正常(N),59.2,unknown
2026-06-11 18:50:43,3940,powershell.exe,0.0,0.46168403259537594,0,10,高于正常(A),71.7,unknown
2026-06-11 18:50:43,5064,Trae CN.exe,0.0,0.19178057451680838,0,19,正常(N),59.0,unknown
2026-06-11 18:50:43,5616,python3.13.exe,0.0,0.9376210373869616,0,48,高(H),85.4,unknown
2026-06-11 18:50:43,6612,msedgewebview2.exe,0.0,0.0106897291471573,0,11,正常(N),57.2,unknown
2026-06-11 18:50:43,6692,msedgewebview2.exe,0.0,0.07099639746365431,0,32,正常(N),61.5,unknown
2026-06-11 18:50:43,6932,DataExchangeHost.exe,0.0,0.03846350031031942,0,1,正常(N),60.2,unknown
2026-06-11 18:50:43,8164,ShellExperienceHost.exe,0.0,0.04710314441555614,0,40,正常(N),68.0,unknown
2026-06-11 18:50:43,8692,Trae CN.exe,0.0,1.4048695865246934,0,79,正常(N),66.1,unknown
2026-06-11 18:50:43,8864,msedge.exe,0.0,0.6431165588053471,0,32,正常(N),61.9,unknown
2026-06-11 18:50:43,9228,SecurityHealthSystray.exe,0.0,0.025626063024007228,0,1,正常(N),50.2,unknown
2026-06-11 18:50:43,10072,msedgewebview2.exe,0.0,0.017254882436164867,0,8,正常(N),56.6,unknown
2026-06-11 18:50:43,10456,SnippingTool.exe,0.0,0.11570777599696977,0,30,正常(N),56.1,unknown
2026-06-11 18:50:43,10736,NVIDIA Overlay.exe,0.0,0.3095628413300073,0,147,高(H),85.2,unknown
2026-06-11 18:50:43,12216,msedgewebview2.exe,0.0,0.03909805044234246,0,84,正常(N),65.0,unknown
2026-06-11 18:50:43,12352,UserOOBEBroker.exe,0.0,0.03377759164307238,0,3,正常(N),60.6,unknown
2026-06-11 18:50:43,12792,AsusOptimizationStartupTask.exe,0.0,0.012617785317534986,0,6,正常(N),53.2,unknown
2026-06-11 18:50:43,12816,ipf_helper.exe,0.0,0.035461590070364285,0,4,高于正常(A),70.2,unknown
2026-06-11 18:50:43,12828,ArmouryCrate.UserSessionHelper.exe,0.0,0.1423588815419373,0,110,高于正常(A),79.5,unknown
2026-06-11 18:50:43,12856,sihost.exe,0.0,0.15356113194957474,0,15,正常(N),63.1,unknown
2026-06-11 18:50:43,12864,DSATray.exe,0.0,0.13738010358298733,0,12,高于正常(A),71.9,unknown
2026-06-11 18:50:43,12872,nvcontainer.exe,0.0,0.04825021580805933,0,18,正常(N),63.6,unknown
2026-06-11 18:50:43,12940,svchost.exe,0.0,0.03119057956636308,0,4,高于正常(A),70.2,unknown
2026-06-11 18:50:43,12948,svchost.exe,0.0,0.08888583003184221,0,9,高于正常(A),71.2,unknown
2026-06-11 18:50:43,12964,AsusSurvey.exe,0.0,0.08524936965986404,0,10,正常(N),57.1,unknown
2026-06-11 18:50:43,13148,conhost.exe,0.0,0.008883701848322505,0,2,正常(N),69.8,unknown
2026-06-11 18:50:43,13252,StartMenuExperienceHost.exe,0.0,0.6635441919016272,0,41,正常(N),60.7,unknown
2026-06-11 18:50:43,13268,msedgewebview2.exe,0.0,0.03863434073047947,0,11,正常(N),57.2,unknown
2026-06-11 18:50:43,13400,conhost.exe,0.0,0.05901316227814236,0,5,高于正常(A),70.4,unknown
2026-06-11 18:50:43,13544,svchost.exe,0.0,0.04341787249496082,0,3,高于正常(A),70.0,unknown
2026-06-11 18:50:43,13764,msedgewebview2.exe,0.0,0.07658531978031874,0,53,正常(N),65.1,unknown
2026-06-11 18:50:43,13860,ShellHost.exe,0.0,0.06184423209793745,0,29,正常(N),65.8,unknown
2026-06-11 18:50:43,14192,svchost.exe,0.0,0.008932513396939663,0,2,正常(N),69.8,unknown
2026-06-11 18:50:43,14340,RuntimeBroker.exe,0.0,0.09488965051175248,0,6,正常(N),53.3,unknown
2026-06-11 18:50:43,14708,svchost.exe,0.0,0.12837437286312192,0,4,高于正常(A),70.3,unknown
2026-06-11 18:50:43,14740,RuntimeBroker.exe,0.0,0.20923070314744188,0,5,正常(N),53.2,unknown
2026-06-11 18:50:43,14764,msedgewebview2.exe,0.0,0.16922963905568203,0,82,正常(N),65.1,unknown
2026-06-11 18:50:43,14772,CrossDeviceResume.exe,0.0,0.0454679575368814,0,28,正常(N),65.6,unknown
2026-06-11 18:50:43,14844,SearchHost.exe,0.0,0.35280987340480807,0,36,正常(N),67.5,unknown
2026-06-11 18:50:43,14928,taskhostw.exe,0.0,0.057768467788404866,0,9,正常(N),61.8,unknown
2026-06-11 18:50:43,14940,crashpad_handler.exe,0.0,0.015448855137330072,0,6,正常(N),56.2,unknown
2026-06-11 18:50:43,15044,AcPowerNotification.exe,0.0,0.07919673763133663,0,18,高于正常(A),73.0,unknown
2026-06-11 18:50:43,15156,ArmourySocketServer.exe,0.0,0.0060770378028359995,0,16,正常(N),58.2,unknown
2026-06-11 18:50:43,15296,msedge.exe,0.0,0.08461481952784101,0,8,正常(N),56.7,unknown
2026-06-11 18:50:43,15408,Widgets.exe,0.0,0.25413732787522597,0,14,正常(N),58.0,unknown
2026-06-11 18:50:43,15548,svchost.exe,0.0,0.012178481379980578,0,3,正常(N),70.0,unknown
2026-06-11 18:50:43,15896,svchost.exe,0.0,0.07524300219334694,0,8,高于正常(A),71.0,unknown
2026-06-11 18:50:43,16520,msedgewebview2.exe,0.0,0.03707237117473046,0,33,正常(N),61.6,unknown
2026-06-11 18:50:43,16688,Trae CN.exe,0.0,0.8639644105236722,0,24,正常(N),60.5,unknown
2026-06-11 18:50:43,16844,msedgewebview2.exe,0.0,0.23095184228207657,0,51,正常(N),65.2,unknown
2026-06-11 18:50:43,17076,asus_framework.exe,0.0,0.01386247980727248,0,27,正常(N),60.4,unknown
2026-06-11 18:50:43,17196,asus_framework.exe,0.0,0.040586802675165734,0,13,正常(N),57.6,unknown
2026-06-11 18:50:43,17448,NVIDIA Overlay.exe,0.0,0.0975742856856961,0,103,高(H),85.1,unknown
2026-06-11 18:50:43,17464,NVIDIA Overlay.exe,0.0,0.10052738437703405,0,19,高于正常(A),78.9,unknown
2026-06-11 18:50:43,17812,msedgewebview2.exe,0.0,0.016962013144461927,0,8,正常(N),56.6,unknown
2026-06-11 18:50:43,17980,msedge.exe,0.0,0.13183999281494005,0,9,正常(N),56.9,unknown
2026-06-11 18:50:43,18148,ArmouryCrate.exe,0.0,0.012202887154289155,0,37,正常(N),62.4,unknown
2026-06-11 18:50:43,18492,msedgewebview2.exe,0.0,0.15807620019666174,0,23,正常(N),59.7,unknown
2026-06-11 18:50:43,18516,msedgewebview2.exe,0.0,0.07299767095695774,0,81,正常(N),65.1,unknown
2026-06-11 18:50:43,18568,msedgewebview2.exe,0.0,0.051520589565408816,0,10,正常(N),57.0,unknown
2026-06-11 18:50:43,18780,msedgewebview2.exe,0.0,0.3902239254198586,0,31,正常(N),61.5,unknown
2026-06-11 18:50:43,19420,conhost.exe,0.0,0.057817279337022014,0,5,高于正常(A),70.4,unknown
2026-06-11 18:50:43,19696,TextInputHost.exe,0.0,1.0843485525301344,0,118,高于正常(A),70.9,unknown
2026-06-11 18:50:43,19900,nvcontainer.exe,0.0,0.35249259833879654,0,61,高于正常(A),70.3,unknown
2026-06-11 18:50:43,20636,NVIDIA Overlay.exe,0.0,0.045004247825018405,0,11,高于正常(A),77.2,unknown
2026-06-11 18:50:43,20972,ctfmon.exe,0.0,0.1938794711073461,0,20,正常(N),64.2,unknown
2026-06-11 18:50:43,20984,TabTip.exe,0.0,0.1128767061771747,0,32,正常(N),61.5,unknown
2026-06-11 18:50:43,21328,ChsIME.exe,0.0,0.012276104477214892,0,2,正常(N),60.4,unknown
2026-06-11 18:50:43,21496,conhost.exe,0.0,0.057890496659947756,0,5,高于正常(A),70.4,unknown
2026-06-11 18:50:43,21500,python3.13.exe,0.0,0.9438201040613405,0,45,高于正常(A),84.8,unknown
2026-06-11 18:50:43,21580,NVIDIA Overlay.exe,0.0,0.16664262697897272,0,27,高于正常(A),80.5,unknown
2026-06-11 18:50:43,21884,360DesktopLite64.exe,0.0,0.5722177844389271,0,42,正常(N),58.9,unknown
2026-06-11 18:50:43,22380,Trae CN.exe,0.0,1.7598027622943477,0,24,正常(N),61.2,unknown
2026-06-11 18:50:43,22404,msedgewebview2.exe,0.0,0.08415110981597802,0,23,正常(N),59.7,unknown
2026-06-11 18:50:43,22628,msedge.exe,0.0,0.335164498579706,0,23,正常(N),59.9,unknown
2026-06-11 18:50:43,23132,Trae CN.exe,0.0,0.38011993485610723,0,26,正常(N),60.5,unknown
2026-06-11 18:50:43,23344,GameViewer.exe,0.0,0.25762735360135264,0,87,高(H),100,unknown
2026-06-11 18:50:43,23540,msedge.exe,0.0,1.6911981307129342,0,33,正常(N),63.0,unknown
2026-06-11 18:50:43,23668,Trae CN.exe,0.0,0.37265176791768223,0,20,正常(N),59.3,unknown
2026-06-11 18:50:43,24192,powershell.exe,0.0,0.4621721480815475,0,9,高于正常(A),71.5,unknown
2026-06-11 18:50:43,24384,RuntimeBroker.exe,0.0,0.014350595293444046,0,2,正常(N),52.4,unknown
2026-06-11 18:50:43,24416,ApplicationFrameHost.exe,0.0,0.07238752659924327,0,68,高于正常(A),70.1,unknown
2026-06-11 18:50:43,24480,powershell.exe,0.0,0.530557127694184,0,11,高于正常(A),72.0,unknown
2026-06-11 18:50:43,24692,svchost.exe,0.0,0.02328310869038371,0,4,高于正常(A),70.2,unknown
2026-06-11 18:50:43,24728,msedgewebview2.exe,0.0,0.09891660327266791,0,21,正常(N),59.3,unknown
2026-06-11 18:50:43,24836,IntelGraphicsSoftware.exe,0.0,0.14501911094157235,0,72,高于正常(A),70.1,unknown
2026-06-11 18:50:43,25236,RtkAudUService64.exe,0.0,0.04410123417560101,0,14,高于正常(A),72.2,unknown
2026-06-11 18:50:43,25308,TranslucentTB.exe,0.0,0.18492255193609788,0,31,正常(N),61.3,unknown
2026-06-11 18:50:43,25684,msedge.exe,0.0,0.9125074956234346,0,89,正常(N),65.7,unknown
2026-06-11 18:50:43,25736,powershell.exe,0.0,0.5261396825443312,0,14,高于正常(A),72.6,unknown
2026-06-11 18:50:43,26012,msedgewebview2.exe,0.0,0.217382231766507,0,53,正常(N),65.2,unknown
2026-06-11 18:50:43,26548,taskhostw.exe,0.0,0.06657895231380163,0,6,正常(N),61.3,unknown
2026-06-11 18:50:43,26884,msedge.exe,0.0,0.9249056289721924,0,31,正常(N),61.9,unknown
2026-06-11 18:50:43,26936,Trae CN.exe,0.0,0.7911375799868746,0,27,正常(N),61.0,unknown
2026-06-11 18:50:43,27000,msedge.exe,0.0,0.12054011931006828,0,8,正常(N),56.7,unknown
2026-06-11 18:50:43,27348,msedgewebview2.exe,0.0,0.01998832915872564,0,8,正常(N),56.6,unknown
2026-06-11 18:50:43,27568,conhost.exe,0.0,0.0705570935260999,0,2,正常(N),69.8,unknown
2026-06-11 18:50:43,28584,Trae CN.exe,0.0,3.3350734650415346,0,25,正常(N),62.7,unknown
2026-06-11 18:50:43,28676,SystemSettings.exe,0.0,0.023209891367457977,0,67,高于正常(A),79.4,unknown
2026-06-11 18:50:43,28732,Trae CN.exe,0.0,0.5033446893401191,0,54,正常(N),65.4,unknown
2026-06-11 18:50:43,28880,msedge.exe,0.0,0.21145162860952252,0,13,正常(N),57.8,unknown
2026-06-11 18:50:43,28884,msedge.exe,0.0,1.8221595156527652,0,66,正常(N),66.5,unknown
2026-06-11 18:50:43,28920,backgroundTaskHost.exe,0.0,0.015058362748392819,0,12,正常(N),62.4,unknown
2026-06-11 18:50:43,28948,audiodg.exe,0.0,0.1659836710726411,0,6,正常(N),53.3,unknown
2026-06-11 18:50:43,29500,conhost.exe,0.0,0.05037351817290563,0,2,正常(N),69.8,unknown
2026-06-11 18:50:43,29800,powershell.exe,0.0,0.5206239775505925,0,9,高于正常(A),71.6,unknown
2026-06-11 18:50:43,30052,smartscreen.exe,0.0,0.0865428756982187,0,3,正常(N),60.7,unknown
2026-06-11 18:50:43,30088,Trae CN.exe,0.0,1.0273854752939127,0,36,正常(N),63.0,unknown
2026-06-11 18:50:43,30184,Trae CN.exe,0.0,1.6354553421921412,0,90,正常(N),66.3,unknown
2026-06-11 18:50:43,30204,conhost.exe,0.0,0.057353569625159036,0,5,高于正常(A),70.4,unknown
2026-06-11 18:50:43,30352,conhost.exe,0.0,0.05725594652792473,0,5,高于正常(A),70.4,unknown
2026-06-11 18:50:43,30356,Trae CN.exe,0.0,4.260638049920059,0,36,正常(N),65.6,unknown
2026-06-11 18:50:43,30600,asus_framework.exe,0.0,0.04851867932545369,0,20,正常(N),59.0,unknown
2026-06-11 18:50:43,31024,msedge.exe,0.0,1.3397549806694065,0,34,正常(N),62.9,unknown
2026-06-11 18:50:43,31304,WidgetService.exe,0.0,0.04480900163054978,0,5,高于正常(A),70.4,unknown
2026-06-11 18:50:43,31316,msedge.exe,0.0,0.18909593934286478,0,10,正常(N),57.2,unknown
2026-06-11 18:50:43,31432,Trae CN.exe,0.0,0.6727451688159611,0,12,正常(N),57.9,unknown
2026-06-11 18:50:43,31636,ArmourySwAgent.exe,0.0,0.009347411560185493,0,4,高于正常(A),70.2,unknown
2026-06-11 18:50:47,0,System Idle Process,0.0,4.881154861715662e-05,8192,60,,0,unknown
2026-06-11 18:50:47,4,System,0.0,0.00029286929170293976,49152,477,,0,unknown
2026-06-11 18:50:47,320,Registry,0.0,0.33831284346551255,56778752,4,,0,unknown
2026-06-11 18:50:47,512,agent-tool-host.exe,0.0,0.1200764095982053,20152320,30,,0,unknown
2026-06-11 18:50:47,904,smss.exe,0.0,0.0021233023648463134,356352,2,,0,unknown
2026-06-11 18:50:47,1084,fontdrvhost.exe,0.0,0.03263052025056921,5476352,5,,0,unknown
2026-06-11 18:50:47,1092,fontdrvhost.exe,0.0,0.0051496183791100245,864256,5,,0,unknown
2026-06-11 18:50:47,1140,WUDFHost.exe,0.0,0.015741724429033013,2641920,6,,0,unknown
2026-06-11 18:50:47,1392,RuntimeBroker.exe,0.0,0.02491829556905846,4182016,3,,0,unknown
2026-06-11 18:50:47,1628,csrss.exe,0.0,0.020207981127502845,3391488,16,,0,unknown
2026-06-11 18:50:47,1736,wininit.exe,0.0,0.011080221536094554,1859584,2,,0,unknown
2026-06-11 18:50:47,1744,csrss.exe,0.0,0.022453312363892048,3768320,18,,0,unknown
2026-06-11 18:50:47,1832,winlogon.exe,0.0,0.020427633096280047,3428352,4,,0,unknown
2026-06-11 18:50:47,1852,services.exe,0.0,0.04742041948156766,7958528,7,,0,unknown
2026-06-11 18:50:47,1868,Trae CN.exe,0.0,1.2312957196420844,206647296,59,,0,unknown
2026-06-11 18:50:47,1884,lsass.exe,0.0,0.12969228467578517,21766144,11,,0,unknown
2026-06-11 18:50:47,1960,svchost.exe,0.0,0.0935229271504721,15695872,11,,0,unknown
2026-06-11 18:50:47,1964,RuntimeBroker.exe,0.0,0.1445065896810922,24252416,12,,0,unknown
2026-06-11 18:50:47,1988,msedge.exe,0.0,0.44042660317260424,73916416,28,,0,unknown
2026-06-11 18:50:47,2044,svchost.exe,0.0,0.19722306218762134,33099776,21,,0,unknown
2026-06-11 18:50:47,2160,svchost.exe,0.0,0.029018465652899613,4870144,5,,0,unknown
2026-06-11 18:50:47,2192,WUDFHost.exe,0.0,0.0503003008499799,8441856,22,,0,unknown
2026-06-11 18:50:47,2252,Steam++.exe,0.0,2.808518884333958,471351296,119,,0,unknown
2026-06-11 18:50:47,2292,dwm.exe,0.0,0.5588678258921348,93794304,158,,0,unknown
2026-06-11 18:50:47,2348,svchost.exe,0.0,0.10863010144748207,18231296,7,,0,unknown
2026-06-11 18:50:47,2356,svchost.exe,0.0,0.026943974836670454,4521984,5,,0,unknown
2026-06-11 18:50:47,2364,svchost.exe,0.0,0.021745544908943277,3649536,7,,0,unknown
2026-06-11 18:50:47,2376,svchost.exe,0.0,0.01315471235232371,2207744,3,,0,unknown
2026-06-11 18:50:47,2388,svchost.exe,0.0,0.07297326518264916,12247040,9,,0,unknown
2026-06-11 18:50:47,2576,svchost.exe,0.0,0.03263052025056921,5476352,9,,0,unknown
2026-06-11 18:50:47,2648,svchost.exe,0.0,0.02155029871447465,3616768,5,,0,unknown
2026-06-11 18:50:47,2656,svchost.exe,0.0,0.03846350031031942,6455296,3,,0,unknown
2026-06-11 18:50:47,2664,svchost.exe,0.0,0.028530350166728047,4788224,6,,0,unknown
2026-06-11 18:50:47,2684,svchost.exe,0.0,0.04241723574830911,7118848,11,,0,unknown
2026-06-11 18:50:47,2756,msedge.exe,0.0,0.34729416841106936,58286080,15,,0,unknown
2026-06-11 18:50:47,2768,Trae CN.exe,0.0,5.191181412757532,871231488,10,,0,unknown
2026-06-11 18:50:47,2836,SecurityHealthService.exe,0.0,0.05964771241016539,10010624,12,,0,unknown
2026-06-11 18:50:47,2848,svchost.exe,0.0,0.030238754368328527,5074944,9,,0,unknown
2026-06-11 18:50:47,2956,conhost.exe,0.0,0.011739177442426169,1970176,3,,0,unknown
2026-06-11 18:50:47,2960,svchost.exe,0.0,0.07582874077675282,12726272,11,,0,unknown
2026-06-11 18:50:47,2972,svchost.exe,0.0,0.018987692412073928,3186688,3,,0,unknown
2026-06-11 18:50:47,2980,svchost.exe,0.0,0.03372878009445523,5660672,10,,0,unknown
2026-06-11 18:50:47,2988,svchost.exe,0.0,0.043369060946343664,7278592,3,,0,unknown
2026-06-11 18:50:47,2996,svchost.exe,0.0,0.11292551772579185,18952192,5,,0,unknown
2026-06-11 18:50:47,3132,svchost.exe,0.0,0.056938671461913205,9555968,7,,0,unknown
2026-06-11 18:50:47,3212,svchost.exe,0.0,0.028261886649333687,4743168,6,,0,unknown
2026-06-11 18:50:47,3228,AsusCertService.exe,0.0,0.011495119699340386,1929216,4,,0,unknown
2026-06-11 18:50:47,3468,IntelCpHDCPSvc.exe,0.0,0.011177844633328868,1875968,3,,0,unknown
2026-06-11 18:50:47,3520,Steam++.Accelerator.exe,0.0,0.7486471269156397,125644800,45,,0,unknown
2026-06-11 18:50:47,3544,svchost.exe,0.0,0.01344758164402665,2256896,3,,0,unknown
2026-06-11 18:50:47,3560,esrv.exe,0.0,0.16805816188887027,28205056,59,,0,unknown
2026-06-11 18:50:47,3568,svchost.exe,0.0,0.009493846206036964,1593344,4,,0,unknown
2026-06-11 18:50:47,3708,asus_framework.exe,0.0,0.07599958119691286,12754944,35,,0,unknown
2026-06-11 18:50:47,3760,msedgewebview2.exe,0.0,0.061722203226394545,10358784,21,,0,unknown
2026-06-11 18:50:47,3768,svchost.exe,0.0,0.06343060742799503,10645504,14,,0,unknown
2026-06-11 18:50:47,3940,powershell.exe,0.0,0.46168403259537594,77484032,10,,0,unknown
2026-06-11 18:50:47,3948,PresentMonService.exe,0.0,0.01288624883492935,2162688,11,,0,unknown
2026-06-11 18:50:47,3968,svchost.exe,0.0,0.01186120631396906,1990656,4,,0,unknown
2026-06-11 18:50:47,4044,svchost.exe,0.0,0.1233467833555548,20701184,5,,0,unknown
2026-06-11 18:50:47,4052,NVDisplay.Container.exe,0.0,0.12573854923779546,21102592,40,,0,unknown
2026-06-11 18:50:47,4084,svchost.exe,0.0,0.09752547413707893,16367616,8,,0,unknown
2026-06-11 18:50:47,4100,svchost.exe,0.0,0.035754459362067226,6000640,8,,0,unknown
2026-06-11 18:50:47,4200,MemCompression,0.0,1.7538965649116718,294354944,78,,0,unknown
2026-06-11 18:50:47,4240,svchost.exe,0.0,0.01156833702226612,1941504,3,,0,unknown
2026-06-11 18:50:47,4272,svchost.exe,0.0,0.02504032444060135,4202496,8,,0,unknown
2026-06-11 18:50:47,4280,svchost.exe,0.0,0.020622879290748675,3461120,6,,0,unknown
2026-06-11 18:50:47,4360,svchost.exe,0.0,0.06828735651540212,11460608,12,,0,unknown
2026-06-11 18:50:47,4400,svchost.exe,0.0,0.025943338090018746,4354048,6,,0,unknown
2026-06-11 18:50:47,4440,svchost.exe,0.0,0.04761566567603629,7991296,7,,0,unknown
2026-06-11 18:50:47,4476,GameViewerHealthd.exe,0.0,0.026675511319276098,4476928,6,,0,unknown
2026-06-11 18:50:47,4496,svchost.exe,0.0,0.07302207673126632,12255232,14,,0,unknown
2026-06-11 18:50:47,4520,svchost.exe,0.0,0.05815896017734212,9760768,10,,0,unknown
2026-06-11 18:50:47,4544,svchost.exe,0.0,0.021501487165857494,3608576,8,,0,unknown
2026-06-11 18:50:47,4796,AsusOptimization.exe,0.0,0.019158532832233975,3215360,10,,0,unknown
2026-06-11 18:50:47,4944,spoolsv.exe,0.0,0.017669780599410698,2965504,7,,0,unknown
2026-06-11 18:50:47,5032,svchost.exe,0.0,0.06816532764385923,11440128,15,,0,unknown
2026-06-11 18:50:47,5064,Trae CN.exe,0.0,0.19178057451680838,32186368,19,,0,unknown
2026-06-11 18:50:47,5080,svchost.exe,0.0,0.022892616301446456,3842048,6,,0,unknown
2026-06-11 18:50:47,5184,WmiPrvSE.exe,0.0,0.10379775813438355,17420288,11,,0,unknown
2026-06-11 18:50:47,5248,unsecapp.exe,0.0,0.0196954598670227,3305472,3,,0,unknown
2026-06-11 18:50:47,5312,AsusSystemAnalysis.exe,0.0,0.06462649036911537,10846208,9,,0,unknown
2026-06-11 18:50:47,5320,svchost.exe,0.0,0.3549087699953458,59564032,12,,0,unknown
2026-06-11 18:50:47,5328,svchost.exe,0.0,0.2687563866860644,45105152,18,,0,unknown
2026-06-11 18:50:47,5340,DAX3API.exe,0.0,0.025382005280921445,4259840,11,,0,unknown
2026-06-11 18:50:47,5352,svchost.exe,0.0,0.02774936538885354,4657152,2,,0,unknown
2026-06-11 18:50:47,5368,svchost.exe,0.0,0.006858022580710506,1150976,3,,0,unknown
2026-06-11 18:50:47,5380,svchost.exe,0.0,0.01603459372073595,2691072,6,,0,unknown
2026-06-11 18:50:47,5392,MsMpEng.exe,0.0,0.7696360928210171,129167360,10,,0,unknown
2026-06-11 18:50:47,5400,svchost.exe,0.0,0.08683574498992164,14573568,15,,0,unknown
2026-06-11 18:50:47,5408,MpDefenderCoreService.exe,0.0,0.08554223895156698,14356480,10,,0,unknown
2026-06-11 18:50:47,5416,RtkAudUService64.exe,0.0,0.03309422996243219,5554176,20,,0,unknown
2026-06-11 18:50:47,5428,svchost.exe,0.0,0.06611524260193864,11096064,8,,0,unknown
2026-06-11 18:50:47,5520,AsusSwitch.exe,0.0,0.014497029939295518,2433024,7,,0,unknown
2026-06-11 18:50:47,5540,svchost.exe,0.0,0.031019739146203033,5206016,7,,0,unknown
2026-06-11 18:50:47,5552,crashpad_handler.exe,0.0,0.008786078751088193,1474560,6,,0,unknown
2026-06-11 18:50:47,5560,ipfsvc.exe,0.0,0.023771224176555274,3989504,9,,0,unknown
2026-06-11 18:50:47,5588,ArmouryCrateControlInterface.exe,0.0,0.012129669831363422,2035712,3,,0,unknown
2026-06-11 18:50:47,5628,DSAService.exe,0.0,0.20605795248732672,34582528,15,,0,unknown
2026-06-11 18:50:47,5636,AsusSoftwareManager.exe,0.0,0.028652379038270937,4808704,10,,0,unknown
2026-06-11 18:50:47,5644,AsusAppService.exe,0.0,0.03663306723717605,6148096,4,,0,unknown
2026-06-11 18:50:47,5672,AsusSystemDiagnosis.exe,0.0,0.012739814189077877,2138112,2,,0,unknown
2026-06-11 18:50:47,5680,ArmouryCrate.Service.exe,0.0,0.1366235245794214,22929408,102,,0,unknown
2026-06-11 18:50:47,5692,ipf_uf.exe,0.0,0.014155349098975421,2375680,3,,0,unknown
2026-06-11 18:50:47,5700,IntelGraphicsSoftware.Service.exe,0.0,0.04283213391155494,7188480,15,,0,unknown
2026-06-11 18:50:47,5716,FeverGamesService.exe,0.0,0.034094866709083904,5722112,4,,0,unknown
2026-06-11 18:50:47,5724,AsusPTPService.exe,0.0,0.017523345953559227,2940928,4,,0,unknown
2026-06-11 18:50:47,5748,nvcontainer.exe,0.0,0.13362161433946626,22425600,32,,0,unknown
2026-06-11 18:50:47,5800,SurSvc.exe,0.0,0.1058966547249213,17772544,11,,0,unknown
2026-06-11 18:50:47,5808,WMIRegistrationService.exe,0.0,0.01444821839067836,2424832,2,,0,unknown
2026-06-11 18:50:47,5816,ROGLiveService.exe,0.0,0.0631377381362921,10596352,31,,0,unknown
2026-06-11 18:50:47,5824,DSAUpdateService.exe,0.0,0.13769737864899884,23109632,10,,0,unknown
2026-06-11 18:50:47,5832,IntelAudioService.exe,0.0,0.030922116048968724,5189632,8,,0,unknown
2026-06-11 18:50:47,5904,GameViewerService.exe,0.0,0.016693549627067567,2801664,5,,0,unknown
2026-06-11 18:50:47,6292,jhi_service.exe,0.0,0.010055179015134265,1687552,2,,0,unknown
2026-06-11 18:50:47,6440,svchost.exe,0.0,0.09320565208446058,15642624,6,,0,unknown
2026-06-11 18:50:47,6612,msedgewebview2.exe,0.0,0.0106897291471573,1794048,11,,0,unknown
2026-06-11 18:50:47,6648,svchost.exe,0.0,0.029848261979391277,5009408,9,,0,unknown
2026-06-11 18:50:47,6692,msedgewebview2.exe,0.0,0.07099639746365431,11915264,32,,0,unknown
2026-06-11 18:50:47,6816,svchost.exe,0.0,0.02311226827022366,3878912,12,,0,unknown
2026-06-11 18:50:47,6932,DataExchangeHost.exe,0.0,0.03846350031031942,6455296,1,,0,unknown
2026-06-11 18:50:47,6976,WmiPrvSE.exe,0.0,0.18567913093966382,31162368,6,,0,unknown
2026-06-11 18:50:47,7548,svchost.exe,0.0,0.011153438859020289,1871872,2,,0,unknown
2026-06-11 18:50:47,7648,WUDFHost.exe,0.0,0.04002546986606843,6717440,11,,0,unknown
2026-06-11 18:50:47,8132,wlanext.exe,0.0,0.02155029871447465,3616768,7,,0,unknown
2026-06-11 18:50:47,8164,ShellExperienceHost.exe,0.0,0.04710314441555614,7905280,40,,0,unknown
2026-06-11 18:50:47,8236,WUDFHost.exe,0.0,0.045712015279967176,7671808,7,,0,unknown
2026-06-11 18:50:47,8244,conhost.exe,0.0,0.007297326518264915,1224704,2,,0,unknown
2026-06-11 18:50:47,8316,Steam++.exe,0.0,0.669230737315526,112316416,14,,0,unknown
2026-06-11 18:50:47,8648,Intel_PIE_Service.exe,0.0,0.01779180947095359,2985984,5,,0,unknown
2026-06-11 18:50:47,8692,Trae CN.exe,0.0,1.385100909334745,232460288,79,,0,unknown
2026-06-11 18:50:47,8864,msedge.exe,0.0,0.6419206758642269,107732992,32,,0,unknown
2026-06-11 18:50:47,9204,AggregatorHost.exe,0.0,0.04705433286693898,7897088,3,,0,unknown
2026-06-11 18:50:47,9228,SecurityHealthSystray.exe,0.0,0.025626063024007228,4300800,1,,0,unknown
2026-06-11 18:50:47,9776,SearchProtocolHost.exe,0.0,0.1004785728284169,16863232,5,,0,unknown
2026-06-11 18:50:47,9868,svchost.exe,0.0,0.01286184306062077,2158592,7,,0,unknown
2026-06-11 18:50:47,10072,msedgewebview2.exe,0.0,0.017254882436164867,2895872,8,,0,unknown
2026-06-11 18:50:47,10428,svchost.exe,0.0,0.09369376757063214,15724544,5,,0,unknown
2026-06-11 18:50:47,10456,SnippingTool.exe,0.0,0.11570777599696977,19419136,30,,0,unknown
2026-06-11 18:50:47,10736,NVIDIA Overlay.exe,0.0,0.3095628413300073,51953664,147,,0,unknown
2026-06-11 18:50:47,11000,SearchIndexer.exe,0.0,0.22094547481555948,37081088,12,,0,unknown
2026-06-11 18:50:47,11020,svchost.exe,0.0,0.12798388047418466,21479424,11,,0,unknown
2026-06-11 18:50:47,11048,NVDisplay.Container.exe,0.0,0.1350127434750552,22659072,29,,0,unknown
2026-06-11 18:50:47,11276,nvcontainer.exe,0.0,0.1321084563323344,22171648,23,,0,unknown
2026-06-11 18:50:47,11300,svchost.exe,0.0,0.020134763804577106,3379200,8,,0,unknown
2026-06-11 18:50:47,11824,svchost.exe,0.0,0.03109295646912877,5218304,3,,0,unknown
2026-06-11 18:50:47,11872,svchost.exe,0.0,0.026846351739436145,4505600,4,,0,unknown
2026-06-11 18:50:47,12216,msedgewebview2.exe,0.0,0.03909805044234246,6561792,84,,0,unknown
2026-06-11 18:50:47,12312,svchost.exe,0.0,0.02691956906236188,4517888,5,,0,unknown
2026-06-11 18:50:47,12352,UserOOBEBroker.exe,0.0,0.03377759164307238,5668864,3,,0,unknown
2026-06-11 18:50:47,12784,DAX3API.exe,0.0,0.03033637746556284,5091328,6,,0,unknown
2026-06-11 18:50:47,12792,AsusOptimizationStartupTask.exe,0.0,0.012617785317534986,2117632,6,,0,unknown
2026-06-11 18:50:47,12816,ipf_helper.exe,0.0,0.035461590070364285,5951488,4,,0,unknown
2026-06-11 18:50:47,12828,ArmouryCrate.UserSessionHelper.exe,0.0,0.1423588815419373,23891968,110,,0,unknown
2026-06-11 18:50:47,12856,sihost.exe,0.0,0.15356113194957474,25772032,15,,0,unknown
2026-06-11 18:50:47,12864,DSATray.exe,0.0,0.13738010358298733,23056384,12,,0,unknown
2026-06-11 18:50:47,12872,nvcontainer.exe,0.0,0.04825021580805933,8097792,18,,0,unknown
2026-06-11 18:50:47,12940,svchost.exe,0.0,0.03119057956636308,5234688,4,,0,unknown
2026-06-11 18:50:47,12948,svchost.exe,0.0,0.08888583003184221,14917632,9,,0,unknown
2026-06-11 18:50:47,12964,AsusSurvey.exe,0.0,0.08524936965986404,14307328,10,,0,unknown
2026-06-11 18:50:47,13148,conhost.exe,0.0,0.008883701848322505,1490944,2,,0,unknown
2026-06-11 18:50:47,13252,StartMenuExperienceHost.exe,0.0,0.6635441919016272,111362048,41,,0,unknown
2026-06-11 18:50:47,13268,msedgewebview2.exe,0.0,0.03863434073047947,6483968,11,,0,unknown
2026-06-11 18:50:47,13400,conhost.exe,0.0,0.05901316227814236,9904128,5,,0,unknown
2026-06-11 18:50:47,13544,svchost.exe,0.0,0.04341787249496082,7286784,3,,0,unknown
2026-06-11 18:50:47,13600,RtkAudUService64.exe,0.0,0.030946521823277298,5193728,9,,0,unknown
2026-06-11 18:50:47,13704,svchost.exe,0.0,0.12527483952593246,21024768,8,,0,unknown
2026-06-11 18:50:47,13764,msedgewebview2.exe,0.0,0.07658531978031874,12853248,53,,0,unknown
2026-06-11 18:50:47,13844,explorer.exe,0.0,2.0021521011785306,336019456,223,,0,unknown
2026-06-11 18:50:47,13860,ShellHost.exe,0.0,0.06184423209793745,10379264,29,,0,unknown
2026-06-11 18:50:47,13872,svchost.exe,0.0,0.06679860428257885,11210752,5,,0,unknown
2026-06-11 18:50:47,14192,svchost.exe,0.0,0.008932513396939663,1499136,2,,0,unknown
2026-06-11 18:50:47,14316,svchost.exe,0.0,0.011348685053488915,1904640,1,,0,unknown
2026-06-11 18:50:47,14340,RuntimeBroker.exe,0.0,0.09474321586590101,15900672,5,,0,unknown
2026-06-11 18:50:47,14448,ChsIME.exe,0.0,0.07351019221743788,12337152,2,,0,unknown
2026-06-11 18:50:47,14708,svchost.exe,0.0,0.12837437286312192,21544960,4,,0,unknown
2026-06-11 18:50:47,14740,RuntimeBroker.exe,0.0,0.20923070314744188,35115008,5,,0,unknown
2026-06-11 18:50:47,14764,msedgewebview2.exe,0.0,0.16922963905568203,28401664,82,,0,unknown
2026-06-11 18:50:47,14772,CrossDeviceResume.exe,0.0,0.0454679575368814,7630848,28,,0,unknown
2026-06-11 18:50:47,14800,svchost.exe,0.0,0.08066108408985131,13537280,10,,0,unknown
2026-06-11 18:50:47,14844,SearchHost.exe,0.0,0.35280987340480807,59211776,36,,0,unknown
2026-06-11 18:50:47,14872,esrv_svc.exe,0.0,0.3289166203567099,55201792,95,,0,unknown
2026-06-11 18:50:47,14928,taskhostw.exe,0.0,0.057768467788404866,9695232,9,,0,unknown
2026-06-11 18:50:47,14940,crashpad_handler.exe,0.0,0.015448855137330072,2592768,6,,0,unknown
2026-06-11 18:50:47,15044,AcPowerNotification.exe,0.0,0.07897708566255943,13254656,18,,0,unknown
2026-06-11 18:50:47,15156,ArmourySocketServer.exe,0.0,0.0060770378028359995,1019904,16,,0,unknown
2026-06-11 18:50:47,15240,MicrosoftEdgeUpdate.exe,0.0,0.03553480739329002,5963776,4,,0,unknown
2026-06-11 18:50:47,15296,msedge.exe,0.0,0.08461481952784101,14200832,8,,0,unknown
2026-06-11 18:50:47,15408,Widgets.exe,0.0,0.25413732787522597,42651648,14,,0,unknown
2026-06-11 18:50:47,15548,svchost.exe,0.0,0.012178481379980578,2043904,3,,0,unknown
2026-06-11 18:50:47,15896,svchost.exe,0.0,0.07524300219334694,12627968,8,,0,unknown
2026-06-11 18:50:47,16452,HipsTray.exe,0.0,0.04563879795704145,7659520,12,,0,unknown
2026-06-11 18:50:47,16520,msedgewebview2.exe,0.0,0.03707237117473046,6221824,33,,0,unknown
2026-06-11 18:50:47,16688,Trae CN.exe,0.0,0.8629637737770205,144830464,24,,0,unknown
2026-06-11 18:50:47,16844,msedgewebview2.exe,0.0,0.23095184228207657,38760448,51,,0,unknown
2026-06-11 18:50:47,17076,asus_framework.exe,0.0,0.01386247980727248,2326528,27,,0,unknown
2026-06-11 18:50:47,17196,asus_framework.exe,0.0,0.040586802675165734,6811648,13,,0,unknown
2026-06-11 18:50:47,17448,NVIDIA Overlay.exe,0.0,0.0975742856856961,16375808,103,,0,unknown
2026-06-11 18:50:47,17464,NVIDIA Overlay.exe,0.0,0.10052738437703405,16871424,19,,0,unknown
2026-06-11 18:50:47,17812,msedgewebview2.exe,0.0,0.016962013144461927,2846720,8,,0,unknown
2026-06-11 18:50:47,17836,svchost.exe,0.0,0.04524830556810419,7593984,5,,0,unknown
2026-06-11 18:50:47,17980,msedge.exe,0.0,0.13183999281494005,22126592,9,,0,unknown
2026-06-11 18:50:47,18148,ArmouryCrate.exe,0.0,0.012202887154289155,2048000,37,,0,unknown
2026-06-11 18:50:47,18492,msedgewebview2.exe,0.0,0.15807620019666174,26529792,23,,0,unknown
2026-06-11 18:50:47,18516,msedgewebview2.exe,0.0,0.07299767095695774,12251136,81,,0,unknown
2026-06-11 18:50:47,18568,msedgewebview2.exe,0.0,0.051520589565408816,8646656,10,,0,unknown
2026-06-11 18:50:47,18780,msedgewebview2.exe,0.0,0.3902239254198586,65490944,31,,0,unknown
2026-06-11 18:50:47,19420,conhost.exe,0.0,0.057817279337022014,9703424,5,,0,unknown
2026-06-11 18:50:47,19696,TextInputHost.exe,0.0,1.0806388748352305,181362688,118,,0,unknown
2026-06-11 18:50:47,19900,nvcontainer.exe,0.0,0.35249259833879654,59158528,61,,0,unknown
2026-06-11 18:50:47,20636,NVIDIA Overlay.exe,0.0,0.045004247825018405,7553024,11,,0,unknown
2026-06-11 18:50:47,20972,ctfmon.exe,0.0,0.1938794711073461,32538624,20,,0,unknown
2026-06-11 18:50:47,20984,TabTip.exe,0.0,0.1128767061771747,18944000,32,,0,unknown
2026-06-11 18:50:47,21156,nvsphelper64.exe,0.0,0.02443018008288689,4100096,6,,0,unknown
2026-06-11 18:50:47,21328,ChsIME.exe,0.0,0.012276104477214892,2060288,2,,0,unknown
2026-06-11 18:50:47,21496,conhost.exe,0.0,0.057890496659947756,9715712,5,,0,unknown
2026-06-11 18:50:47,21500,python3.13.exe,606.9,0.9481155203396503,159121408,46,,0,unknown
2026-06-11 18:50:47,21580,NVIDIA Overlay.exe,0.0,0.16664262697897272,27967488,27,,0,unknown
2026-06-11 18:50:47,21884,360DesktopLite64.exe,0.0,0.5720225382444585,96002048,40,,0,unknown
2026-06-11 18:50:47,22052,svchost.exe,0.0,0.012764219963386458,2142208,1,,0,unknown
2026-06-11 18:50:47,22380,Trae CN.exe,0.0,1.7367148997984325,291471360,24,,0,unknown
2026-06-11 18:50:47,22404,msedgewebview2.exe,0.0,0.08415110981597802,14123008,23,,0,unknown
2026-06-11 18:50:47,22432,crashpad_handler.exe,0.0,0.01315471235232371,2207744,6,,0,unknown
2026-06-11 18:50:47,22628,msedge.exe,0.0,0.335164498579706,56250368,23,,0,unknown
2026-06-11 18:50:47,22992,svchost.exe,0.0,0.015375637814404338,2580480,2,,0,unknown
2026-06-11 18:50:47,23028,AsusSoftwareManagerAgent.exe,0.0,0.0896912205840253,15052800,9,,0,unknown
2026-06-11 18:50:47,23056,svchost.exe,0.0,0.06418718643156096,10772480,6,,0,unknown
2026-06-11 18:50:47,23132,Trae CN.exe,0.0,0.38390282987393687,64430080,26,,0,unknown
2026-06-11 18:50:47,23344,GameViewer.exe,0.0,0.25765175937566126,43241472,87,,0,unknown
2026-06-11 18:50:47,23540,msedge.exe,0.0,1.6911981307129342,283832320,33,,0,unknown
2026-06-11 18:50:47,23668,Trae CN.exe,0.0,0.372724985240608,62554112,20,,0,unknown
2026-06-11 18:50:47,24192,powershell.exe,0.0,0.4621721480815475,77565952,9,,0,unknown
2026-06-11 18:50:47,24384,RuntimeBroker.exe,0.0,0.014350595293444046,2408448,2,,0,unknown
2026-06-11 18:50:47,24416,ApplicationFrameHost.exe,0.0,0.07238752659924327,12148736,68,,0,unknown
2026-06-11 18:50:47,24480,powershell.exe,0.0,0.530557127694184,89042944,11,,0,unknown
2026-06-11 18:50:47,24692,svchost.exe,0.0,0.02328310869038371,3907584,4,,0,unknown
2026-06-11 18:50:47,24728,msedgewebview2.exe,0.0,0.09891660327266791,16601088,21,,0,unknown
2026-06-11 18:50:47,24836,IntelGraphicsSoftware.exe,0.0,0.14501911094157235,24338432,72,,0,unknown
2026-06-11 18:50:47,25236,RtkAudUService64.exe,0.0,0.04410123417560101,7401472,14,,0,unknown
2026-06-11 18:50:47,25308,TranslucentTB.exe,0.0,0.18492255193609788,31035392,31,,0,unknown
2026-06-11 18:50:47,25684,msedge.exe,0.0,0.9125074956234346,153145344,89,,0,unknown
2026-06-11 18:50:47,25736,powershell.exe,0.0,0.527774869423006,88576000,15,,0,unknown
2026-06-11 18:50:47,25980,svchost.exe,0.0,0.04146541055027455,6959104,10,,0,unknown
2026-06-11 18:50:47,26012,msedgewebview2.exe,0.0,0.217382231766507,36483072,53,,0,unknown
2026-06-11 18:50:47,26428,svchost.exe,0.0,0.09650043161611865,16195584,11,,0,unknown
2026-06-11 18:50:47,26548,taskhostw.exe,0.0,0.06657895231380163,11173888,6,,0,unknown
2026-06-11 18:50:47,26880,svchost.exe,0.0,0.07194822266168886,12075008,3,,0,unknown
2026-06-11 18:50:47,26884,msedge.exe,0.0,0.9249056289721924,155226112,31,,0,unknown
2026-06-11 18:50:47,26904,svchost.exe,0.0,0.02848153861811089,4780032,7,,0,unknown
2026-06-11 18:50:47,26936,Trae CN.exe,0.0,0.7908935222437888,132734976,27,,0,unknown
2026-06-11 18:50:47,27000,msedge.exe,0.0,0.12054011931006828,20230144,8,,0,unknown
2026-06-11 18:50:47,27196,svchost.exe,0.0,0.03321625883397508,5574656,2,,0,unknown
2026-06-11 18:50:47,27348,msedgewebview2.exe,0.0,0.01998832915872564,3354624,8,,0,unknown
2026-06-11 18:50:47,27372,svchost.exe,0.0,0.2302440748271278,38641664,26,,0,unknown
2026-06-11 18:50:47,27568,conhost.exe,0.0,0.0705570935260999,11841536,2,,0,unknown
2026-06-11 18:50:47,28164,wsctrlsvc.exe,0.0,0.012666596866152145,2125824,3,,0,unknown
2026-06-11 18:50:47,28584,Trae CN.exe,0.0,3.326165357418904,558227456,25,,0,unknown
2026-06-11 18:50:47,28676,SystemSettings.exe,0.0,0.023209891367457977,3895296,67,,0,unknown
2026-06-11 18:50:47,28692,crashpad_handler.exe,0.0,0.014692276133764143,2465792,6,,0,unknown
2026-06-11 18:50:47,28732,Trae CN.exe,0.0,0.5044429491840052,84660224,54,,0,unknown
2026-06-11 18:50:47,28880,msedge.exe,0.0,0.21145162860952252,35487744,13,,0,unknown
2026-06-11 18:50:47,28884,msedge.exe,0.0,1.8221595156527652,305811456,66,,0,unknown
2026-06-11 18:50:47,28920,backgroundTaskHost.exe,0.0,0.015058362748392819,2527232,12,,0,unknown
2026-06-11 18:50:47,28948,audiodg.exe,0.0,0.1659836710726411,27856896,6,,0,unknown
2026-06-11 18:50:47,29436,svchost.exe,0.0,0.008639644105236722,1449984,4,,0,unknown
2026-06-11 18:50:47,29500,conhost.exe,0.0,0.05037351817290563,8454144,2,,0,unknown
2026-06-11 18:50:47,29560,GameViewerServer.exe,0.0,0.3727982025635337,62566400,91,,0,unknown
2026-06-11 18:50:47,29584,SearchFilterHost.exe,0.0,0.07319291715142635,12283904,1,,0,unknown
2026-06-11 18:50:47,29800,powershell.exe,0.0,0.5206239775505925,87375872,9,,0,unknown
2026-06-11 18:50:47,30052,smartscreen.exe,0.0,0.0865428756982187,14524416,3,,0,unknown
2026-06-11 18:50:47,30088,Trae CN.exe,0.0,1.015792732497338,170479616,36,,0,unknown
2026-06-11 18:50:47,30184,Trae CN.exe,0.0,1.6318432875944717,273870848,90,,0,unknown
2026-06-11 18:50:47,30204,conhost.exe,0.0,0.057353569625159036,9625600,5,,0,unknown
2026-06-11 18:50:47,30208,svchost.exe,0.0,0.036584255688558893,6139904,3,,0,unknown
2026-06-11 18:50:47,30352,conhost.exe,0.0,0.05725594652792473,9609216,5,,0,unknown
2026-06-11 18:50:47,30356,Trae CN.exe,0.0,4.206994157989804,706056192,36,,0,unknown
2026-06-11 18:50:47,30512,HipsDaemon.exe,0.0,0.22470396405908055,37711872,116,,0,unknown
2026-06-11 18:50:47,30600,asus_framework.exe,0.0,0.04851867932545369,8142848,20,,0,unknown
2026-06-11 18:50:47,30916,svchost.exe,0.0,0.07338816334589499,12316672,5,,0,unknown
2026-06-11 18:50:47,31024,msedge.exe,0.0,1.3398037922180237,224858112,34,,0,unknown
2026-06-11 18:50:47,31304,WidgetService.exe,0.0,0.04480900163054978,7520256,5,,0,unknown
2026-06-11 18:50:47,31316,msedge.exe,0.0,0.18909593934286478,31735808,10,,0,unknown
2026-06-11 18:50:47,31432,Trae CN.exe,0.0,0.6727451688159611,112906240,12,,0,unknown
2026-06-11 18:50:47,31636,ArmourySwAgent.exe,0.0,0.009347411560185493,1568768,4,,0,unknown
2026-06-11 18:51:49,0,System Idle Process,0.0,4.881154861715662e-05,8192,60,,0,unknown
2026-06-11 18:51:49,4,System,0.0,0.00029286929170293976,49152,477,,0,unknown
2026-06-11 18:51:49,320,Registry,0.0,0.29103885862979634,48844800,4,,0,unknown
2026-06-11 18:51:49,512,agent-tool-host.exe,0.0,0.1200764095982053,20152320,30,,0,unknown
2026-06-11 18:51:49,904,smss.exe,0.0,0.0021233023648463134,356352,2,,0,unknown
2026-06-11 18:51:49,1084,fontdrvhost.exe,0.0,0.03260611447626063,5472256,5,,0,unknown
2026-06-11 18:51:49,1092,fontdrvhost.exe,0.0,0.0051496183791100245,864256,5,,0,unknown
2026-06-11 18:51:49,1140,WUDFHost.exe,0.0,0.01549766668594723,2600960,6,,0,unknown
2026-06-11 18:51:49,1392,RuntimeBroker.exe,0.0,0.024771860923206986,4157440,3,,0,unknown
2026-06-11 18:51:49,1628,csrss.exe,0.0,0.020012734933034217,3358720,16,,0,unknown
2026-06-11 18:51:49,1736,wininit.exe,0.0,0.010933786890243085,1835008,2,,0,unknown
2026-06-11 18:51:49,1744,csrss.exe,0.0,0.02257534123543494,3788800,18,,0,unknown
2026-06-11 18:51:49,1832,winlogon.exe,0.0,0.020378821547662893,3420160,4,,0,unknown
2026-06-11 18:51:49,1852,services.exe,0.0,0.0471519559641733,7913472,7,,0,unknown
2026-06-11 18:51:49,1868,Trae CN.exe,0.0,1.3039761155330307,218845184,61,,0,unknown
2026-06-11 18:51:49,1884,lsass.exe,0.0,0.12681240330737292,21516288,11,,0,unknown
2026-06-11 18:51:49,1960,svchost.exe,0.0,0.09183892872318018,15413248,11,,0,unknown
2026-06-11 18:51:49,1964,RuntimeBroker.exe,0.0,0.13994270988538804,23486464,12,,0,unknown
2026-06-11 18:51:49,1988,msedge.exe,0.0,0.438644981648078,73617408,31,,0,unknown
2026-06-11 18:51:49,2044,svchost.exe,0.0,0.19507535404846646,32739328,17,,0,unknown
2026-06-11 18:51:49,2160,svchost.exe,0.0,0.028676784812579518,4812800,5,,0,unknown
2026-06-11 18:51:49,2192,WUDFHost.exe,0.0,0.05025148930136275,8433664,23,,0,unknown
2026-06-11 18:51:49,2252,Steam++.exe,0.0,2.8137905315846106,472236032,122,,0,unknown
2026-06-11 18:51:49,2292,dwm.exe,0.0,0.55174133979403,92602368,135,,0,unknown
2026-06-11 18:51:49,2348,svchost.exe,0.0,0.10169886154384583,17068032,8,,0,unknown
2026-06-11 18:51:49,2356,svchost.exe,0.0,0.025943338090018746,4354048,2,,0,unknown
2026-06-11 18:51:49,2364,svchost.exe,0.0,0.021477081391548917,3604480,7,,0,unknown
2026-06-11 18:51:49,2376,svchost.exe,0.0,0.013008277706472242,2183168,3,,0,unknown
2026-06-11 18:51:49,2388,svchost.exe,0.0,0.07243633814786044,12156928,9,,0,unknown
2026-06-11 18:51:49,2576,svchost.exe,0.0,0.032020375892854745,5373952,9,,0,unknown
2026-06-11 18:51:49,2648,svchost.exe,0.0,0.02125742942277171,3567616,5,,0,unknown
2026-06-11 18:51:49,2656,svchost.exe,0.0,0.038268254115850796,6422528,2,,0,unknown
2026-06-11 18:51:49,2664,svchost.exe,0.0,0.02804223468055648,4706304,4,,0,unknown
2026-06-11 18:51:49,2684,svchost.exe,0.0,0.04161184519612603,6983680,11,,0,unknown
2026-06-11 18:51:49,2756,msedge.exe,0.0,0.36208406764206785,60768256,32,,0,unknown
2026-06-11 18:51:49,2768,Trae CN.exe,0.0,5.191181412757532,871231488,10,,0,unknown
2026-06-11 18:51:49,2836,SecurityHealthService.exe,0.0,0.058988756503833784,9900032,12,,0,unknown
2026-06-11 18:51:49,2848,svchost.exe,0.0,0.02992147930231701,5021696,9,,0,unknown
2026-06-11 18:51:49,2956,conhost.exe,0.0,0.011690365893809012,1961984,3,,0,unknown
2026-06-11 18:51:49,2960,svchost.exe,0.0,0.07497453867595258,12582912,11,,0,unknown
2026-06-11 18:51:49,2972,svchost.exe,0.0,0.018890069314839615,3170304,3,,0,unknown
2026-06-11 18:51:49,2980,svchost.exe,0.0,0.03324066460828366,5578752,10,,0,unknown
2026-06-11 18:51:49,2988,svchost.exe,0.0,0.04322262630049219,7254016,3,,0,unknown
2026-06-11 18:51:49,2996,svchost.exe,0.0,0.11504882009063816,19308544,5,,0,unknown
2026-06-11 18:51:49,3132,svchost.exe,0.0,0.05635293287850733,9457664,6,,0,unknown
2026-06-11 18:51:49,3212,svchost.exe,0.0,0.027846988486087854,4673536,6,,0,unknown
2026-06-11 18:51:49,3228,AsusCertService.exe,0.0,0.01127546773056318,1892352,4,,0,unknown
2026-06-11 18:51:49,3468,IntelCpHDCPSvc.exe,0.0,0.011007004213168818,1847296,3,,0,unknown
2026-06-11 18:51:49,3520,Steam++.Accelerator.exe,0.0,0.7530401662911839,126382080,47,,0,unknown
2026-06-11 18:51:49,3544,svchost.exe,0.0,0.013423175869718073,2252800,3,,0,unknown
2026-06-11 18:51:49,3560,esrv.exe,0.0,0.16759445217700727,28127232,59,,0,unknown
2026-06-11 18:51:49,3568,svchost.exe,0.0,0.009030136494173975,1515520,4,,0,unknown
2026-06-11 18:51:49,3708,asus_framework.exe,0.0,0.07294885940834057,12242944,35,,0,unknown
2026-06-11 18:51:49,3760,msedgewebview2.exe,0.0,0.061722203226394545,10358784,21,,0,unknown
2026-06-11 18:51:49,3768,svchost.exe,0.0,0.0622347244868747,10444800,8,,0,unknown
2026-06-11 18:51:49,3940,powershell.exe,0.0,0.46165962682106737,77479936,9,,0,unknown
2026-06-11 18:51:49,3948,PresentMonService.exe,0.0,0.0127154084147693,2134016,11,,0,unknown
2026-06-11 18:51:49,3968,svchost.exe,0.0,0.01186120631396906,1990656,4,,0,unknown
2026-06-11 18:51:49,4044,svchost.exe,0.0,0.130107182839031,21835776,5,,0,unknown
2026-06-11 18:51:49,4052,NVDisplay.Container.exe,0.0,0.12154075605672,20398080,40,,0,unknown
2026-06-11 18:51:49,4084,svchost.exe,0.0,0.09557301219239267,16039936,9,,0,unknown
2026-06-11 18:51:49,4100,svchost.exe,0.0,0.03570564781345007,5992448,7,,0,unknown
2026-06-11 18:51:49,4200,MemCompression,0.0,1.7441098494139318,292712448,78,,0,unknown
2026-06-11 18:51:49,4240,svchost.exe,0.0,0.010958192664551662,1839104,3,,0,unknown
2026-06-11 18:51:49,4272,svchost.exe,0.0,0.02511354176352708,4214784,8,,0,unknown
2026-06-11 18:51:49,4280,svchost.exe,0.0,0.020427633096280047,3428352,6,,0,unknown
2026-06-11 18:51:49,4360,svchost.exe,0.0,0.06794567567508203,11403264,12,,0,unknown
2026-06-11 18:51:49,4400,svchost.exe,0.0,0.02587012076709301,4341760,6,,0,unknown
2026-06-11 18:51:49,4440,svchost.exe,0.0,0.0477132887732706,8007680,6,,0,unknown
2026-06-11 18:51:49,4476,GameViewerHealthd.exe,0.0,0.02630942470464742,4415488,6,,0,unknown
2026-06-11 18:51:49,4496,svchost.exe,0.0,0.0665057349908759,11161600,14,,0,unknown
2026-06-11 18:51:49,4520,svchost.exe,0.0,0.05742678694808477,9637888,11,,0,unknown
2026-06-11 18:51:49,4544,svchost.exe,0.0,0.01954902522117123,3280896,8,,0,unknown
2026-06-11 18:51:49,4796,AsusOptimization.exe,0.0,0.018816851991913876,3158016,10,,0,unknown
2026-06-11 18:51:49,4944,spoolsv.exe,0.0,0.01720607088754771,2887680,7,,0,unknown
2026-06-11 18:51:49,5032,svchost.exe,0.0,0.0675063717375276,11329536,15,,0,unknown
2026-06-11 18:51:49,5064,Trae CN.exe,0.0,0.19178057451680838,32186368,19,,0,unknown
2026-06-11 18:51:49,5080,svchost.exe,0.0,0.022721775881286408,3813376,6,,0,unknown
2026-06-11 18:51:49,5184,WmiPrvSE.exe,0.0,0.10838604370439629,18190336,11,,0,unknown
2026-06-11 18:51:49,5248,unsecapp.exe,0.0,0.019402590575319758,3256320,3,,0,unknown
2026-06-11 18:51:49,5312,AsusSystemAnalysis.exe,0.0,0.06321095545921783,10608640,10,,0,unknown
2026-06-11 18:51:49,5320,svchost.exe,0.0,0.27844547908656997,46731264,12,,0,unknown
2026-06-11 18:51:49,5328,svchost.exe,0.0,0.20827887794940733,34955264,18,,0,unknown
2026-06-11 18:51:49,5340,DAX3API.exe,0.0,0.02484507824613272,4169728,11,,0,unknown
2026-06-11 18:51:49,5352,svchost.exe,0.0,0.02774936538885354,4657152,2,,0,unknown
2026-06-11 18:51:49,5368,svchost.exe,0.0,0.006394312868847518,1073152,3,,0,unknown
2026-06-11 18:51:49,5380,svchost.exe,0.0,0.015253608942861447,2560000,6,,0,unknown
2026-06-11 18:51:49,5392,MsMpEng.exe,0.0,0.7678056597478737,128860160,11,,0,unknown
2026-06-11 18:51:49,5400,svchost.exe,0.0,0.08390705207289223,14082048,15,,0,unknown
2026-06-11 18:51:49,5408,MpDefenderCoreService.exe,0.0,0.08307725574640057,13942784,10,,0,unknown
2026-06-11 18:51:49,5416,RtkAudUService64.exe,0.0,0.03277695489642067,5500928,20,,0,unknown
2026-06-11 18:51:49,5428,svchost.exe,0.0,0.059403654667079614,9969664,8,,0,unknown
2026-06-11 18:51:49,5520,AsusSwitch.exe,0.0,0.014326189519135469,2404352,7,,0,unknown
2026-06-11 18:51:49,5540,svchost.exe,0.0,0.030848898726042986,5177344,7,,0,unknown
2026-06-11 18:51:49,5552,crashpad_handler.exe,0.0,0.008737267202471036,1466368,6,,0,unknown
2026-06-11 18:51:49,5560,ipfsvc.exe,0.0,0.023746818402246697,3985408,9,,0,unknown
2026-06-11 18:51:49,5588,ArmouryCrateControlInterface.exe,0.0,0.011910017862586216,1998848,3,,0,unknown
2026-06-11 18:51:49,5628,DSAService.exe,0.0,0.19961482806986203,33501184,15,,0,unknown
2026-06-11 18:51:49,5636,AsusSoftwareManager.exe,0.0,0.02833510397225942,4755456,9,,0,unknown
2026-06-11 18:51:49,5644,AsusAppService.exe,0.0,0.03531515542451282,5926912,4,,0,unknown
2026-06-11 18:51:49,5672,AsusSystemDiagnosis.exe,0.0,0.012593379543226408,2113536,2,,0,unknown
2026-06-11 18:51:49,5680,ArmouryCrate.Service.exe,0.0,0.12888689412360207,21630976,102,,0,unknown
2026-06-11 18:51:49,5692,ipf_uf.exe,0.0,0.014082131776049686,2363392,3,,0,unknown
2026-06-11 18:51:49,5700,IntelGraphicsSoftware.Service.exe,0.0,0.0416362509704346,6987776,14,,0,unknown
2026-06-11 18:51:49,5716,FeverGamesService.exe,0.0,0.033948432063232434,5697536,3,,0,unknown
2026-06-11 18:51:49,5724,AsusPTPService.exe,0.0,0.017254882436164867,2895872,4,,0,unknown
2026-06-11 18:51:49,5748,nvcontainer.exe,0.0,0.1333531508220719,22380544,31,,0,unknown
2026-06-11 18:51:49,5800,SurSvc.exe,0.0,0.1034316715197549,17358848,11,,0,unknown
2026-06-11 18:51:49,5808,WMIRegistrationService.exe,0.0,0.014326189519135469,2404352,2,,0,unknown
2026-06-11 18:51:49,5816,ROGLiveService.exe,0.0,0.06045310296234848,10145792,31,,0,unknown
2026-06-11 18:51:49,5824,DSAUpdateService.exe,0.0,0.13720926316282728,23027712,10,,0,unknown
2026-06-11 18:51:49,5832,IntelAudioService.exe,0.0,0.030458406337105733,5111808,8,,0,unknown
2026-06-11 18:51:49,5904,GameViewerService.exe,0.0,0.016278651463821736,2732032,5,,0,unknown
2026-06-11 18:51:49,6292,jhi_service.exe,0.0,0.009981961692208531,1675264,2,,0,unknown
2026-06-11 18:51:49,6440,svchost.exe,0.0,0.09305921743860911,15618048,6,,0,unknown
2026-06-11 18:51:49,6612,msedgewebview2.exe,0.0,0.0106897291471573,1794048,11,,0,unknown
2026-06-11 18:51:49,6648,svchost.exe,0.0,0.02918930607305966,4898816,9,,0,unknown
2026-06-11 18:51:49,6692,msedgewebview2.exe,0.0,0.07082555704349426,11886592,32,,0,unknown
2026-06-11 18:51:49,6816,svchost.exe,0.0,0.02240450081527489,3760128,12,,0,unknown
2026-06-11 18:51:49,6932,DataExchangeHost.exe,0.0,0.03734083469212482,6266880,1,,0,unknown
2026-06-11 18:51:49,6976,WmiPrvSE.exe,0.0,0.1271784899220016,21344256,6,,0,unknown
2026-06-11 18:51:49,7548,svchost.exe,0.0,0.011080221536094554,1859584,2,,0,unknown
2026-06-11 18:51:49,7648,WUDFHost.exe,0.0,0.03980581789729123,6680576,11,,0,unknown
2026-06-11 18:51:49,8132,wlanext.exe,0.0,0.020452038870588624,3432448,7,,0,unknown
2026-06-11 18:51:49,8164,ShellExperienceHost.exe,0.0,0.04710314441555614,7905280,40,,0,unknown
2026-06-11 18:51:49,8236,WUDFHost.exe,0.0,0.04573642105427576,7675904,8,,0,unknown
2026-06-11 18:51:49,8244,conhost.exe,0.0,0.007199703421030603,1208320,2,,0,unknown
2026-06-11 18:51:49,8316,Steam++.exe,0.0,0.6709147357428178,112599040,17,,0,unknown
2026-06-11 18:51:49,8648,Intel_PIE_Service.exe,0.0,0.017450128630633492,2928640,5,,0,unknown
2026-06-11 18:51:49,8692,Trae CN.exe,0.0,1.2446212724145682,208883712,79,,0,unknown
2026-06-11 18:51:49,8864,msedge.exe,0.0,0.6429945299338042,107913216,34,,0,unknown
2026-06-11 18:51:49,9204,AggregatorHost.exe,0.0,0.046395376960607373,7786496,3,,0,unknown
2026-06-11 18:51:49,9228,SecurityHealthSystray.exe,0.0,0.025577251475390073,4292608,1,,0,unknown
2026-06-11 18:51:49,9776,SearchProtocolHost.exe,0.0,0.10006367466517108,16793600,7,,0,unknown
2026-06-11 18:51:49,9868,svchost.exe,0.0,0.012593379543226408,2113536,6,,0,unknown
2026-06-11 18:51:49,10072,msedgewebview2.exe,0.0,0.01723047666185629,2891776,8,,0,unknown
2026-06-11 18:51:49,10428,svchost.exe,0.0,0.09115556704253999,15298560,4,,0,unknown
2026-06-11 18:51:49,10456,SnippingTool.exe,0.0,0.11424342953845507,19173376,30,,0,unknown
2026-06-11 18:51:49,10736,NVIDIA Overlay.exe,0.0,0.30092319722477057,50503680,147,,0,unknown
2026-06-11 18:51:49,11000,SearchIndexer.exe,0.0,0.2187489551277874,36712448,11,,0,unknown
2026-06-11 18:51:49,11020,svchost.exe,0.0,0.127154084147693,21340160,11,,0,unknown
2026-06-11 18:51:49,11048,NVDisplay.Container.exe,0.0,0.13450022221457508,22573056,29,,0,unknown
2026-06-11 18:51:49,11276,nvcontainer.exe,0.0,0.13171796394339716,22106112,23,,0,unknown
2026-06-11 18:51:49,11300,svchost.exe,0.0,0.01981748873856559,3325952,8,,0,unknown
2026-06-11 18:51:49,11824,svchost.exe,0.0,0.030873304500351566,5181440,3,,0,unknown
2026-06-11 18:51:49,11872,svchost.exe,0.0,0.026748728642201833,4489216,4,,0,unknown
2026-06-11 18:51:49,12216,msedgewebview2.exe,0.0,0.03907364466803388,6557696,84,,0,unknown
2026-06-11 18:51:49,12312,svchost.exe,0.0,0.026846351739436145,4505600,5,,0,unknown
2026-06-11 18:51:49,12352,UserOOBEBroker.exe,0.0,0.0335335338999866,5627904,1,,0,unknown
2026-06-11 18:51:49,12784,DAX3API.exe,0.0,0.030092319722477064,5050368,6,,0,unknown
2026-06-11 18:51:49,12792,AsusOptimizationStartupTask.exe,0.0,0.012520162220300675,2101248,6,,0,unknown
2026-06-11 18:51:49,12816,ipf_helper.exe,0.0,0.03541277852174713,5943296,4,,0,unknown
2026-06-11 18:51:49,12828,ArmouryCrate.UserSessionHelper.exe,0.0,0.13928375397905643,23375872,110,,0,unknown
2026-06-11 18:51:49,12856,sihost.exe,0.0,0.15251168365430587,25595904,13,,0,unknown
2026-06-11 18:51:49,12864,DSATray.exe,0.0,0.13611100331894124,22843392,12,,0,unknown
2026-06-11 18:51:49,12872,nvcontainer.exe,0.0,0.04744482525587624,7962624,18,,0,unknown
2026-06-11 18:51:49,12940,svchost.exe,0.0,0.030531623660031468,5124096,4,,0,unknown
2026-06-11 18:51:49,12948,svchost.exe,0.0,0.087104208507316,14618624,9,,0,unknown
2026-06-11 18:51:49,12964,AsusSurvey.exe,0.0,0.08395586362150939,14090240,10,,0,unknown
2026-06-11 18:51:49,13148,conhost.exe,0.0,0.008810484525396772,1478656,2,,0,unknown
2026-06-11 18:51:49,13252,StartMenuExperienceHost.exe,0.0,0.6621042512174211,111120384,40,,0,unknown
2026-06-11 18:51:49,13268,msedgewebview2.exe,0.0,0.037706921306753495,6328320,11,,0,unknown
2026-06-11 18:51:49,13400,conhost.exe,0.0,0.05901316227814236,9904128,5,,0,unknown
2026-06-11 18:51:49,13544,svchost.exe,0.0,0.04312500320325788,7237632,2,,0,unknown
2026-06-11 18:51:49,13600,RtkAudUService64.exe,0.0,0.030629246757265784,5140480,9,,0,unknown
2026-06-11 18:51:49,13704,svchost.exe,0.0,0.12393252193896066,20799488,4,,0,unknown
2026-06-11 18:51:49,13764,msedgewebview2.exe,0.0,0.07580433500244424,12722176,53,,0,unknown
2026-06-11 18:51:49,13844,explorer.exe,0.0,1.8762915230691921,314896384,220,,0,unknown
2026-06-11 18:51:49,13860,ShellHost.exe,0.0,0.061209681965914406,10272768,29,,0,unknown
2026-06-11 18:51:49,13872,svchost.exe,0.0,0.06645692344225874,11153408,4,,0,unknown
2026-06-11 18:51:49,14192,svchost.exe,0.0,0.008883701848322505,1490944,2,,0,unknown
2026-06-11 18:51:49,14316,svchost.exe,0.0,0.01112903308471171,1867776,1,,0,unknown
2026-06-11 18:51:49,14340,RuntimeBroker.exe,0.0,0.09530454867499831,15994880,5,,0,unknown
2026-06-11 18:51:49,14448,ChsIME.exe,0.0,0.0743888000925467,12484608,4,,0,unknown
2026-06-11 18:51:49,14708,svchost.exe,0.0,0.12698324372753297,21311488,4,,0,unknown
2026-06-11 18:51:49,14740,RuntimeBroker.exe,0.0,0.20378821547662893,34201600,5,,0,unknown
2026-06-11 18:51:49,14764,msedgewebview2.exe,0.0,0.1684486542778075,28270592,82,,0,unknown
2026-06-11 18:51:49,14772,CrossDeviceResume.exe,0.0,0.04415004572421817,7409664,28,,0,unknown
2026-06-11 18:51:49,14800,svchost.exe,0.0,0.07975807044043393,13385728,10,,0,unknown
2026-06-11 18:51:49,14844,SearchHost.exe,0.0,0.35171161356092207,59027456,35,,0,unknown
2026-06-11 18:51:49,14872,esrv_svc.exe,0.0,0.31417553267432863,52727808,95,,0,unknown
2026-06-11 18:51:49,14928,taskhostw.exe,0.0,0.05691426568760462,9551872,9,,0,unknown
2026-06-11 18:51:49,14940,crashpad_handler.exe,0.0,0.015424449363021493,2588672,6,,0,unknown
2026-06-11 18:51:49,15044,AcPowerNotification.exe,0.0,0.07997772240921112,13422592,18,,0,unknown
2026-06-11 18:51:49,15156,ArmourySocketServer.exe,0.0,0.005955008931293108,999424,16,,0,unknown
2026-06-11 18:51:49,15240,MicrosoftEdgeUpdate.exe,0.0,0.03267933179918636,5484544,4,,0,unknown
2026-06-11 18:51:49,15296,msedge.exe,0.0,0.08549342740294984,14348288,10,,0,unknown
2026-06-11 18:51:49,15408,Widgets.exe,0.0,0.2375414013453927,39866368,13,,0,unknown
2026-06-11 18:51:49,15548,svchost.exe,0.0,0.012105264057054843,2031616,3,,0,unknown
2026-06-11 18:51:49,15896,svchost.exe,0.0,0.07524300219334694,12627968,7,,0,unknown
2026-06-11 18:51:49,16452,HipsTray.exe,0.0,0.044857813179166935,7528448,12,,0,unknown
2026-06-11 18:51:49,16520,msedgewebview2.exe,0.0,0.02750530764576776,4616192,33,,0,unknown
2026-06-11 18:51:49,16688,Trae CN.exe,0.0,0.8691628404513995,145870848,24,,0,unknown
2026-06-11 18:51:49,16844,msedgewebview2.exe,0.0,0.22960952469510473,38535168,49,,0,unknown
2026-06-11 18:51:49,17076,asus_framework.exe,0.0,0.013813668258655324,2318336,27,,0,unknown
2026-06-11 18:51:49,17196,asus_framework.exe,0.0,0.03887839847356525,6524928,13,,0,unknown
2026-06-11 18:51:49,17448,NVIDIA Overlay.exe,0.0,0.09706176442521594,16289792,103,,0,unknown
2026-06-11 18:51:49,17464,NVIDIA Overlay.exe,0.0,0.10023451508533114,16822272,20,,0,unknown
2026-06-11 18:51:49,17812,msedgewebview2.exe,0.0,0.016913201595844772,2838528,8,,0,unknown
2026-06-11 18:51:49,17836,svchost.exe,0.0,0.044174451498526744,7413760,6,,0,unknown
2026-06-11 18:51:49,17980,msedge.exe,0.0,0.13293825265882606,22310912,12,,0,unknown
2026-06-11 18:51:49,18148,ArmouryCrate.exe,0.0,0.012202887154289155,2048000,37,,0,unknown
2026-06-11 18:51:49,18492,msedgewebview2.exe,0.0,0.15766130203341588,26460160,21,,0,unknown
2026-06-11 18:51:49,18516,msedgewebview2.exe,0.0,0.07265599011663763,12193792,81,,0,unknown
2026-06-11 18:51:49,18568,msedgewebview2.exe,0.0,0.05122772027370588,8597504,10,,0,unknown
2026-06-11 18:51:49,18780,msedgewebview2.exe,0.0,0.39002867922539003,65458176,31,,0,unknown
2026-06-11 18:51:49,19420,conhost.exe,0.0,0.057817279337022014,9703424,5,,0,unknown
2026-06-11 18:51:49,19696,TextInputHost.exe,0.0,1.0666787719307238,179019776,108,,0,unknown
2026-06-11 18:51:49,19900,nvcontainer.exe,0.0,0.35139433849491053,58974208,61,,0,unknown
2026-06-11 18:51:49,20636,NVIDIA Overlay.exe,0.0,0.04439410346730395,7450624,11,,0,unknown
2026-06-11 18:51:49,20972,ctfmon.exe,0.0,0.19365981913856892,32501760,20,,0,unknown
2026-06-11 18:51:49,20984,TabTip.exe,0.0,0.11192488097914015,18784256,31,,0,unknown
2026-06-11 18:51:49,21156,nvsphelper64.exe,0.0,0.023673601079320962,3973120,6,,0,unknown
2026-06-11 18:51:49,21328,ChsIME.exe,0.0,0.012154075605671999,2039808,2,,0,unknown
2026-06-11 18:51:49,21436,Trae CN.exe,0.0,0.7422284082724836,124567552,15,,0,unknown
2026-06-11 18:51:49,21496,conhost.exe,0.0,0.057890496659947756,9715712,5,,0,unknown
2026-06-11 18:51:49,21500,python3.13.exe,274.8,0.9735707429434975,163393536,58,,0,unknown
2026-06-11 18:51:49,21580,NVIDIA Overlay.exe,0.0,0.17696626951150135,29700096,27,,0,unknown
2026-06-11 18:51:49,21884,360DesktopLite64.exe,0.0,0.5714367996610527,95903744,41,,0,unknown
2026-06-11 18:51:49,22052,svchost.exe,0.0,0.0127154084147693,2134016,1,,0,unknown
2026-06-11 18:51:49,22380,Trae CN.exe,0.0,1.7588753428706219,295190528,24,,0,unknown
2026-06-11 18:51:49,22404,msedgewebview2.exe,0.0,0.08393145784720081,14086144,23,,0,unknown
2026-06-11 18:51:49,22432,crashpad_handler.exe,0.0,0.012837437286312191,2154496,6,,0,unknown
2026-06-11 18:51:49,22628,msedge.exe,0.0,0.3364580046180606,56467456,24,,0,unknown
2026-06-11 18:51:49,22992,svchost.exe,0.0,0.015253608942861447,2560000,2,,0,unknown
2026-06-11 18:51:49,23028,AsusSoftwareManagerAgent.exe,0.0,0.08908107622631084,14950400,9,,0,unknown
2026-06-11 18:51:49,23056,svchost.exe,0.0,0.06238115913272616,10469376,6,,0,unknown
2026-06-11 18:51:49,23132,Trae CN.exe,0.0,0.3849766839435143,64610304,28,,0,unknown
2026-06-11 18:51:49,23344,GameViewer.exe,0.0,0.2523801121250083,42356736,87,,0,unknown
2026-06-11 18:51:49,23540,msedge.exe,0.0,1.715750339667364,287952896,34,,0,unknown
2026-06-11 18:51:49,23668,Trae CN.exe,0.0,0.3727005794662994,62550016,19,,0,unknown
2026-06-11 18:51:49,24192,powershell.exe,0.0,0.4622697711787818,77582336,9,,0,unknown
2026-06-11 18:51:49,24384,RuntimeBroker.exe,0.0,0.014179754873284,2379776,2,,0,unknown
2026-06-11 18:51:49,24416,ApplicationFrameHost.exe,0.0,0.07165535336998592,12025856,68,,0,unknown
2026-06-11 18:51:49,24480,powershell.exe,0.0,0.5303374757254067,89006080,9,,0,unknown
2026-06-11 18:51:49,24692,svchost.exe,0.0,0.02357597798208665,3956736,6,,0,unknown
2026-06-11 18:51:49,24728,msedgewebview2.exe,0.0,0.09825764736633628,16490496,21,,0,unknown
2026-06-11 18:51:49,24836,IntelGraphicsSoftware.exe,0.0,0.1416023025383714,23764992,72,,0,unknown
2026-06-11 18:51:49,25236,RtkAudUService64.exe,0.0,0.044174451498526744,7413760,14,,0,unknown
2026-06-11 18:51:49,25308,TranslucentTB.exe,0.0,0.18428800180407484,30928896,31,,0,unknown
2026-06-11 18:51:49,25684,msedge.exe,0.0,0.8818538430918602,148000768,90,,0,unknown
2026-06-11 18:51:49,25736,powershell.exe,0.0,0.5274087828083773,88514560,12,,0,unknown
2026-06-11 18:51:49,25980,svchost.exe,0.0,0.040879671966868675,6860800,8,,0,unknown
2026-06-11 18:51:49,26012,msedgewebview2.exe,0.0,0.20844971836956736,34983936,52,,0,unknown
2026-06-11 18:51:49,26428,svchost.exe,0.0,0.09574385261255272,16068608,12,,0,unknown
2026-06-11 18:51:49,26548,taskhostw.exe,0.0,0.06469970769204111,10858496,6,,0,unknown
2026-06-11 18:51:49,26884,msedge.exe,0.0,0.9265164100765585,155496448,34,,0,unknown
2026-06-11 18:51:49,26904,svchost.exe,0.0,0.02828629242364226,4747264,7,,0,unknown
2026-06-11 18:51:49,26936,Trae CN.exe,0.0,0.8037065537557925,134885376,27,,0,unknown
2026-06-11 18:51:49,27000,msedge.exe,0.0,0.12168719070257147,20422656,11,,0,unknown
2026-06-11 18:51:49,27196,svchost.exe,0.0,0.03258170870195205,5468160,2,,0,unknown
2026-06-11 18:51:49,27348,msedgewebview2.exe,0.0,0.0199151118357999,3342336,8,,0,unknown
2026-06-11 18:51:49,27372,svchost.exe,0.0,0.22514326799663492,37785600,26,,0,unknown
2026-06-11 18:51:49,27568,conhost.exe,0.0,0.07141129562690014,11984896,4,,0,unknown
2026-06-11 18:51:49,28164,wsctrlsvc.exe,0.0,0.012593379543226408,2113536,3,,0,unknown
2026-06-11 18:51:49,28584,Trae CN.exe,0.0,1.4979532097376111,251400192,25,,0,unknown
2026-06-11 18:51:49,28676,SystemSettings.exe,0.0,0.0167667669499933,2813952,67,,0,unknown
2026-06-11 18:51:49,28692,crashpad_handler.exe,0.0,0.014692276133764143,2465792,6,,0,unknown
2026-06-11 18:51:49,28732,Trae CN.exe,0.0,0.5017827197843702,84213760,56,,0,unknown
2026-06-11 18:51:49,28880,msedge.exe,0.0,0.21145162860952252,35487744,13,,0,unknown
2026-06-11 18:51:49,28884,msedge.exe,0.0,1.8370714437553066,308314112,66,,0,unknown
2026-06-11 18:51:49,28920,backgroundTaskHost.exe,0.0,0.015058362748392819,2527232,12,,0,unknown
2026-06-11 18:51:49,28948,audiodg.exe,0.0,0.16703311936790996,28033024,6,,0,unknown
2026-06-11 18:51:49,29436,svchost.exe,0.0,0.00851761523369383,1429504,4,,0,unknown
2026-06-11 18:51:49,29500,conhost.exe,0.0,0.05037351817290563,8454144,2,,0,unknown
2026-06-11 18:51:49,29560,GameViewerServer.exe,0.0,0.3724321159489051,62504960,91,,0,unknown
2026-06-11 18:51:49,29584,SearchFilterHost.exe,0.0,0.07287564208541485,12230656,1,,0,unknown
2026-06-11 18:51:49,29800,powershell.exe,0.0,0.5207216006478269,87392256,9,,0,unknown
2026-06-11 18:51:49,30088,Trae CN.exe,0.0,1.0183553387997388,170909696,36,,0,unknown
2026-06-11 18:51:49,30184,Trae CN.exe,0.0,1.5861068665401958,266194944,91,,0,unknown
2026-06-11 18:51:49,30204,conhost.exe,0.0,0.057353569625159036,9625600,5,,0,unknown
2026-06-11 18:51:49,30208,svchost.exe,0.0,0.03648663259132458,6123520,3,,0,unknown
2026-06-11 18:51:49,30352,conhost.exe,0.0,0.05725594652792473,9609216,5,,0,unknown
2026-06-11 18:51:49,30356,Trae CN.exe,0.0,3.680195519539141,617644032,37,,0,unknown
2026-06-11 18:51:49,30512,HipsDaemon.exe,0.0,0.07890386833963368,13242368,115,,0,unknown
2026-06-11 18:51:49,30600,asus_framework.exe,0.0,0.047469231030184814,7966720,20,,0,unknown
2026-06-11 18:51:49,30916,svchost.exe,0.0,0.07294885940834057,12242944,5,,0,unknown
2026-06-11 18:51:49,31024,msedge.exe,0.0,1.3276497166123515,222818304,36,,0,unknown
2026-06-11 18:51:49,31200,msedge.exe,0.0,0.11617148570883278,19496960,9,,0,unknown
2026-06-11 18:51:49,31304,WidgetService.exe,0.0,0.044174451498526744,7413760,5,,0,unknown
2026-06-11 18:51:49,31316,msedge.exe,0.0,0.1890715335685562,31731712,10,,0,unknown
2026-06-11 18:51:49,31432,Trae CN.exe,0.0,0.6729892265590469,112947200,13,,0,unknown
2026-06-11 18:51:49,31636,ArmourySwAgent.exe,0.0,0.009274194237259758,1556480,4,,0,unknown
2026-06-11 18:52:47,0,System Idle Process,0.0,4.881154861715662e-05,8192,60,,0,unknown
2026-06-11 18:52:47,4,System,0.0,0.00029286929170293976,49152,483,,0,unknown
2026-06-11 18:52:47,320,Registry,0.0,0.2911364817270307,48861184,4,,0,unknown
2026-06-11 18:52:47,512,agent-tool-host.exe,0.0,0.1200764095982053,20152320,30,,0,unknown
2026-06-11 18:52:47,904,smss.exe,0.0,0.0021233023648463134,356352,2,,0,unknown
2026-06-11 18:52:47,1084,fontdrvhost.exe,0.0,0.03260611447626063,5472256,5,,0,unknown
2026-06-11 18:52:47,1092,fontdrvhost.exe,0.0,0.0051496183791100245,864256,5,,0,unknown
2026-06-11 18:52:47,1140,WUDFHost.exe,0.0,0.01549766668594723,2600960,6,,0,unknown
2026-06-11 18:52:47,1392,RuntimeBroker.exe,0.0,0.1060186835964642,17793024,9,,0,unknown
2026-06-11 18:52:47,1628,csrss.exe,0.0,0.020012734933034217,3358720,16,,0,unknown
2026-06-11 18:52:47,1736,wininit.exe,0.0,0.010933786890243085,1835008,2,,0,unknown
2026-06-11 18:52:47,1744,csrss.exe,0.0,0.022526529686817783,3780608,18,,0,unknown
2026-06-11 18:52:47,1832,winlogon.exe,0.0,0.02040322732197147,3424256,4,,0,unknown
2026-06-11 18:52:47,1852,services.exe,0.0,0.04720076751279046,7921664,7,,0,unknown
2026-06-11 18:52:47,1868,Trae CN.exe,0.0,1.2509667737347985,209948672,64,,0,unknown
2026-06-11 18:52:47,1884,lsass.exe,0.0,0.1262510704982756,21188608,10,,0,unknown
2026-06-11 18:52:47,1960,svchost.exe,0.0,0.09144843633424295,15347712,10,,0,unknown
2026-06-11 18:52:47,1964,RuntimeBroker.exe,0.0,0.1399671156596966,23490560,12,,0,unknown
2026-06-11 18:52:47,1988,msedge.exe,0.0,0.438644981648078,73617408,31,,0,unknown
2026-06-11 18:52:47,2044,svchost.exe,0.0,0.19668613515283262,33009664,22,,0,unknown
2026-06-11 18:52:47,2160,svchost.exe,0.0,0.02879881368412241,4833280,5,,0,unknown
2026-06-11 18:52:47,2192,WUDFHost.exe,0.0,0.05025148930136275,8433664,23,,0,unknown
2026-06-11 18:52:47,2252,Steam++.exe,0.0,2.788823424466935,468045824,120,,0,unknown
2026-06-11 18:52:47,2292,dwm.exe,0.0,0.5775626490125058,96931840,158,,0,unknown
2026-06-11 18:52:47,2348,svchost.exe,0.0,0.10189410773831446,17100800,8,,0,unknown
2026-06-11 18:52:47,2356,svchost.exe,0.0,0.025967743864327323,4358144,2,,0,unknown
2026-06-11 18:52:47,2364,svchost.exe,0.0,0.021477081391548917,3604480,7,,0,unknown
2026-06-11 18:52:47,2376,svchost.exe,0.0,0.012983871932163661,2179072,3,,0,unknown
2026-06-11 18:52:47,2388,svchost.exe,0.0,0.07253396124509474,12173312,9,,0,unknown
2026-06-11 18:52:47,2576,svchost.exe,0.0,0.03165428927822607,5312512,7,,0,unknown
2026-06-11 18:52:47,2648,svchost.exe,0.0,0.021233023648463134,3563520,5,,0,unknown
2026-06-11 18:52:47,2656,svchost.exe,0.0,0.038902804247873825,6529024,4,,0,unknown
2026-06-11 18:52:47,2664,svchost.exe,0.0,0.02806664045486506,4710400,4,,0,unknown
2026-06-11 18:52:47,2684,svchost.exe,0.0,0.04161184519612603,6983680,11,,0,unknown
2026-06-11 18:52:47,2756,msedge.exe,0.0,0.36208406764206785,60768256,32,,0,unknown
2026-06-11 18:52:47,2768,Trae CN.exe,0.0,4.666701322866185,783208448,10,,0,unknown
2026-06-11 18:52:47,2836,SecurityHealthService.exe,0.0,0.05881791608367373,9871360,12,,0,unknown
2026-06-11 18:52:47,2848,svchost.exe,0.0,0.02992147930231701,5021696,9,,0,unknown
2026-06-11 18:52:47,2956,conhost.exe,0.0,0.011690365893809012,1961984,3,,0,unknown
2026-06-11 18:52:47,2960,svchost.exe,0.0,0.07609720429414717,12771328,12,,0,unknown
2026-06-11 18:52:47,2972,svchost.exe,0.0,0.018890069314839615,3170304,3,,0,unknown
2026-06-11 18:52:47,2980,svchost.exe,0.0,0.03280136067072925,5505024,6,,0,unknown
2026-06-11 18:52:47,2988,svchost.exe,0.0,0.04324703207480077,7258112,3,,0,unknown
2026-06-11 18:52:47,2996,svchost.exe,0.0,0.1017232673181544,17072128,4,,0,unknown
2026-06-11 18:52:47,3132,svchost.exe,0.0,0.056621396395901684,9502720,7,,0,unknown
2026-06-11 18:52:47,3212,svchost.exe,0.0,0.027846988486087854,4673536,6,,0,unknown
2026-06-11 18:52:47,3228,AsusCertService.exe,0.0,0.01127546773056318,1892352,4,,0,unknown
2026-06-11 18:52:47,3468,IntelCpHDCPSvc.exe,0.0,0.011007004213168818,1847296,3,,0,unknown
2026-06-11 18:52:47,3520,Steam++.Accelerator.exe,0.0,0.7537723395204411,126504960,45,,0,unknown
2026-06-11 18:52:47,3544,svchost.exe,0.0,0.013398770095409494,2248704,3,,0,unknown
2026-06-11 18:52:47,3560,esrv.exe,0.0,0.16861949469796758,28299264,59,,0,unknown
2026-06-11 18:52:47,3568,svchost.exe,0.0,0.009030136494173975,1515520,4,,0,unknown
2026-06-11 18:52:47,3708,asus_framework.exe,0.0,0.06962967410237392,11685888,35,,0,unknown
2026-06-11 18:52:47,3760,msedgewebview2.exe,0.0,0.06169779745208597,10354688,21,,0,unknown
2026-06-11 18:52:47,3768,svchost.exe,0.0,0.06194185519517176,10395648,7,,0,unknown
2026-06-11 18:52:47,3940,powershell.exe,0.0,0.4618060614669188,77504512,9,,0,unknown
2026-06-11 18:52:47,3948,PresentMonService.exe,0.0,0.0127154084147693,2134016,11,,0,unknown
2026-06-11 18:52:47,3968,svchost.exe,0.0,0.011787988991043325,1978368,4,,0,unknown
2026-06-11 18:52:47,4044,svchost.exe,0.0,0.12332237758124621,20697088,5,,0,unknown
2026-06-11 18:52:47,4052,NVDisplay.Container.exe,0.0,0.12180921957411436,20443136,42,,0,unknown
2026-06-11 18:52:47,4084,svchost.exe,0.0,0.09589028725840419,16093184,9,,0,unknown
2026-06-11 18:52:47,4100,svchost.exe,0.0,0.0355592131675986,5967872,6,,0,unknown
2026-06-11 18:52:47,4200,MemCompression,0.0,1.7426943145040346,292474880,82,,0,unknown
2026-06-11 18:52:47,4240,svchost.exe,0.0,0.010982598438860241,1843200,3,,0,unknown
2026-06-11 18:52:47,4272,svchost.exe,0.0,0.02711481525683051,4550656,8,,0,unknown
2026-06-11 18:52:47,4280,svchost.exe,0.0,0.02040322732197147,3424256,6,,0,unknown
2026-06-11 18:52:47,4360,svchost.exe,0.0,0.06865344313003079,11522048,12,,0,unknown
2026-06-11 18:52:47,4400,svchost.exe,0.0,0.02587012076709301,4341760,6,,0,unknown
2026-06-11 18:52:47,4440,svchost.exe,0.0,0.04783531764481349,8028160,6,,0,unknown
2026-06-11 18:52:47,4476,GameViewerHealthd.exe,0.0,0.02630942470464742,4415488,6,,0,unknown
2026-06-11 18:52:47,4496,svchost.exe,0.0,0.06689622737981316,11227136,14,,0,unknown
2026-06-11 18:52:47,4520,svchost.exe,0.0,0.057085106107764676,9580544,9,,0,unknown
2026-06-11 18:52:47,4544,svchost.exe,0.0,0.019597836769788386,3289088,8,,0,unknown
2026-06-11 18:52:47,4796,AsusOptimization.exe,0.0,0.018816851991913876,3158016,10,,0,unknown
2026-06-11 18:52:47,4944,spoolsv.exe,0.0,0.01720607088754771,2887680,7,,0,unknown
2026-06-11 18:52:47,5032,svchost.exe,0.0,0.06748196596321904,11325440,15,,0,unknown
2026-06-11 18:52:47,5064,Trae CN.exe,0.0,0.19178057451680838,32186368,19,,0,unknown
2026-06-11 18:52:47,5080,svchost.exe,0.0,0.022453312363892048,3768320,4,,0,unknown
2026-06-11 18:52:47,5184,WmiPrvSE.exe,0.0,0.09774512610585613,16404480,6,,0,unknown
2026-06-11 18:52:47,5248,unsecapp.exe,0.0,0.019280561703776868,3235840,2,,0,unknown
2026-06-11 18:52:47,5312,AsusSystemAnalysis.exe,0.0,0.06321095545921783,10608640,10,,0,unknown
2026-06-11 18:52:47,5320,svchost.exe,0.0,0.2784942906351871,46739456,12,,0,unknown
2026-06-11 18:52:47,5328,svchost.exe,0.0,0.21093910734904234,35401728,19,,0,unknown
2026-06-11 18:52:47,5340,DAX3API.exe,0.0,0.02484507824613272,4169728,11,,0,unknown
2026-06-11 18:52:47,5352,svchost.exe,0.0,0.02774936538885354,4657152,2,,0,unknown
2026-06-11 18:52:47,5368,svchost.exe,0.0,0.006394312868847518,1073152,3,,0,unknown
2026-06-11 18:52:47,5380,svchost.exe,0.0,0.015253608942861447,2560000,6,,0,unknown
2026-06-11 18:52:47,5392,MsMpEng.exe,0.0,0.7678056597478737,128860160,11,,0,unknown
2026-06-11 18:52:47,5400,svchost.exe,0.0,0.08241829984006896,13832192,12,,0,unknown
2026-06-11 18:52:47,5408,MpDefenderCoreService.exe,0.0,0.08310166152070915,13946880,10,,0,unknown
2026-06-11 18:52:47,5416,RtkAudUService64.exe,0.0,0.03277695489642067,5500928,20,,0,unknown
2026-06-11 18:52:47,5428,svchost.exe,0.0,0.06430921530310385,10792960,8,,0,unknown
2026-06-11 18:52:47,5520,AsusSwitch.exe,0.0,0.014326189519135469,2404352,7,,0,unknown
2026-06-11 18:52:47,5540,svchost.exe,0.0,0.03055602943434005,5128192,5,,0,unknown
2026-06-11 18:52:47,5552,crashpad_handler.exe,0.0,0.008737267202471036,1466368,6,,0,unknown
2026-06-11 18:52:47,5560,ipfsvc.exe,0.0,0.023746818402246697,3985408,9,,0,unknown
2026-06-11 18:52:47,5588,ArmouryCrateControlInterface.exe,0.0,0.011910017862586216,1998848,3,,0,unknown
2026-06-11 18:52:47,5628,DSAService.exe,0.0,0.19990769736156497,33550336,15,,0,unknown
2026-06-11 18:52:47,5636,AsusSoftwareManager.exe,0.0,0.02833510397225942,4755456,9,,0,unknown
2026-06-11 18:52:47,5644,AsusAppService.exe,0.0,0.03531515542451282,5926912,4,,0,unknown
2026-06-11 18:52:47,5672,AsusSystemDiagnosis.exe,0.0,0.012593379543226408,2113536,2,,0,unknown
2026-06-11 18:52:47,5680,ArmouryCrate.Service.exe,0.0,0.12888689412360207,21630976,102,,0,unknown
2026-06-11 18:52:47,5692,ipf_uf.exe,0.0,0.014082131776049686,2363392,3,,0,unknown
2026-06-11 18:52:47,5700,IntelGraphicsSoftware.Service.exe,0.0,0.04180709139059465,7016448,15,,0,unknown
2026-06-11 18:52:47,5716,FeverGamesService.exe,0.0,0.033948432063232434,5697536,3,,0,unknown
2026-06-11 18:52:47,5724,AsusPTPService.exe,0.0,0.017254882436164867,2895872,4,,0,unknown
2026-06-11 18:52:47,5748,nvcontainer.exe,0.0,0.13347517969361478,22401024,31,,0,unknown
2026-06-11 18:52:47,5800,SurSvc.exe,0.0,0.1034316715197549,17358848,11,,0,unknown
2026-06-11 18:52:47,5808,WMIRegistrationService.exe,0.0,0.014326189519135469,2404352,2,,0,unknown
2026-06-11 18:52:47,5816,ROGLiveService.exe,0.0,0.06045310296234848,10145792,31,,0,unknown
2026-06-11 18:52:47,5824,DSAUpdateService.exe,0.0,0.13720926316282728,23027712,10,,0,unknown
2026-06-11 18:52:47,5832,IntelAudioService.exe,0.0,0.030458406337105733,5111808,8,,0,unknown
2026-06-11 18:52:47,5904,GameViewerService.exe,0.0,0.016278651463821736,2732032,5,,0,unknown
2026-06-11 18:52:47,6292,jhi_service.exe,0.0,0.009981961692208531,1675264,2,,0,unknown
2026-06-11 18:52:47,6440,svchost.exe,0.0,0.09320565208446058,15642624,6,,0,unknown
2026-06-11 18:52:47,6612,msedgewebview2.exe,0.0,0.01071413492146588,1798144,11,,0,unknown
2026-06-11 18:52:47,6648,svchost.exe,0.0,0.02921371184736824,4902912,9,,0,unknown
2026-06-11 18:52:47,6692,msedgewebview2.exe,0.0,0.07082555704349426,11886592,32,,0,unknown
2026-06-11 18:52:47,6816,svchost.exe,0.0,0.02240450081527489,3760128,12,,0,unknown
2026-06-11 18:52:47,6932,DataExchangeHost.exe,0.0,0.03734083469212482,6266880,1,,0,unknown
2026-06-11 18:52:47,6976,WmiPrvSE.exe,0.0,0.1271784899220016,21344256,6,,0,unknown
2026-06-11 18:52:47,7548,svchost.exe,0.0,0.011080221536094554,1859584,2,,0,unknown
2026-06-11 18:52:47,7648,WUDFHost.exe,0.0,0.03980581789729123,6680576,11,,0,unknown
2026-06-11 18:52:47,8132,wlanext.exe,0.0,0.020452038870588624,3432448,7,,0,unknown
2026-06-11 18:52:47,8164,ShellExperienceHost.exe,0.0,0.3358722660346547,56369152,42,,0,unknown
2026-06-11 18:52:47,8236,WUDFHost.exe,0.0,0.04573642105427576,7675904,8,,0,unknown
2026-06-11 18:52:47,8244,conhost.exe,0.0,0.007199703421030603,1208320,2,,0,unknown
2026-06-11 18:52:47,8316,Steam++.exe,0.0,0.6701337509649433,112467968,17,,0,unknown
2026-06-11 18:52:47,8648,Intel_PIE_Service.exe,0.0,0.017450128630633492,2928640,5,,0,unknown
2026-06-11 18:52:47,8692,Trae CN.exe,0.0,1.2938965307435877,217153536,79,,0,unknown
2026-06-11 18:52:47,8864,msedge.exe,0.0,0.6429701241594956,107909120,34,,0,unknown
2026-06-11 18:52:47,9204,AggregatorHost.exe,0.0,0.04617572499183017,7749632,1,,0,unknown
2026-06-11 18:52:47,9228,SecurityHealthSystray.exe,0.0,0.025577251475390073,4292608,1,,0,unknown
2026-06-11 18:52:47,9776,SearchProtocolHost.exe,0.0,0.0996975880505424,16732160,5,,0,unknown
2026-06-11 18:52:47,9868,svchost.exe,0.0,0.012593379543226408,2113536,6,,0,unknown
2026-06-11 18:52:47,10072,msedgewebview2.exe,0.0,0.01720607088754771,2887680,8,,0,unknown
2026-06-11 18:52:47,10428,svchost.exe,0.0,0.09113116126823143,15294464,4,,0,unknown
2026-06-11 18:52:47,10456,SnippingTool.exe,0.0,0.11424342953845507,19173376,30,,0,unknown
2026-06-11 18:52:47,10736,NVIDIA Overlay.exe,0.0,0.3011672549678564,50544640,147,,0,unknown
2026-06-11 18:52:47,11000,SearchIndexer.exe,0.0,0.219700780325822,36872192,11,,0,unknown
2026-06-11 18:52:47,11020,svchost.exe,0.0,0.127154084147693,21340160,11,,0,unknown
2026-06-11 18:52:47,11048,NVDisplay.Container.exe,0.0,0.13471987418335227,22609920,31,,0,unknown
2026-06-11 18:52:47,11276,nvcontainer.exe,0.0,0.13176677549201432,22114304,23,,0,unknown
2026-06-11 18:52:47,11300,svchost.exe,0.0,0.01984189451287417,3330048,8,,0,unknown
2026-06-11 18:52:47,11824,svchost.exe,0.0,0.030873304500351566,5181440,3,,0,unknown
2026-06-11 18:52:47,11872,svchost.exe,0.0,0.02648026512480747,4444160,2,,0,unknown
2026-06-11 18:52:47,12216,msedgewebview2.exe,0.0,0.03909805044234246,6561792,84,,0,unknown
2026-06-11 18:52:47,12312,svchost.exe,0.0,0.026870757513744726,4509696,5,,0,unknown
2026-06-11 18:52:47,12352,UserOOBEBroker.exe,0.0,0.0335335338999866,5627904,1,,0,unknown
2026-06-11 18:52:47,12784,DAX3API.exe,0.0,0.030116725496785637,5054464,6,,0,unknown
2026-06-11 18:52:47,12792,AsusOptimizationStartupTask.exe,0.0,0.012520162220300675,2101248,6,,0,unknown
2026-06-11 18:52:47,12816,ipf_helper.exe,0.0,0.03541277852174713,5943296,4,,0,unknown
2026-06-11 18:52:47,12828,ArmouryCrate.UserSessionHelper.exe,0.0,0.13938137707629072,23392256,110,,0,unknown
2026-06-11 18:52:47,12856,sihost.exe,0.0,0.16195671831172567,27181056,18,,0,unknown
2026-06-11 18:52:47,12864,DSATray.exe,0.0,0.1364770899335699,22904832,12,,0,unknown
2026-06-11 18:52:47,12872,nvcontainer.exe,0.0,0.047469231030184814,7966720,18,,0,unknown
2026-06-11 18:52:47,12940,svchost.exe,0.0,0.030531623660031468,5124096,4,,0,unknown
2026-06-11 18:52:47,12948,svchost.exe,0.0,0.0873238604760932,14655488,9,,0,unknown
2026-06-11 18:52:47,12964,AsusSurvey.exe,0.0,0.08385824052427508,14073856,9,,0,unknown
2026-06-11 18:52:47,13148,conhost.exe,0.0,0.008810484525396772,1478656,2,,0,unknown
2026-06-11 18:52:47,13252,StartMenuExperienceHost.exe,0.0,0.6621774685403468,111132672,39,,0,unknown
2026-06-11 18:52:47,13268,msedgewebview2.exe,0.0,0.037706921306753495,6328320,11,,0,unknown
2026-06-11 18:52:47,13400,conhost.exe,0.0,0.05901316227814236,9904128,5,,0,unknown
2026-06-11 18:52:47,13544,svchost.exe,0.0,0.04358871291512086,7315456,4,,0,unknown
2026-06-11 18:52:47,13600,RtkAudUService64.exe,0.0,0.030751275628808677,5160960,9,,0,unknown
2026-06-11 18:52:47,13704,svchost.exe,0.0,0.1259093896579555,21131264,8,,0,unknown
2026-06-11 18:52:47,13764,msedgewebview2.exe,0.0,0.07575552345382708,12713984,53,,0,unknown
2026-06-11 18:52:47,13844,explorer.exe,0.0,1.888494410223481,316944384,228,,0,unknown
2026-06-11 18:52:47,13860,ShellHost.exe,0.0,0.06177101477501171,10366976,29,,0,unknown
2026-06-11 18:52:47,13872,svchost.exe,0.0,0.06648132921656733,11157504,5,,0,unknown
2026-06-11 18:52:47,14192,svchost.exe,0.0,0.008883701848322505,1490944,2,,0,unknown
2026-06-11 18:52:47,14316,svchost.exe,0.0,0.01112903308471171,1867776,1,,0,unknown
2026-06-11 18:52:47,14340,RuntimeBroker.exe,0.0,0.09528014290068973,15990784,5,,0,unknown
2026-06-11 18:52:47,14708,svchost.exe,0.0,0.15268252407446592,25624576,7,,0,unknown
2026-06-11 18:52:47,14740,RuntimeBroker.exe,0.0,0.2322697540947398,38981632,11,,0,unknown
2026-06-11 18:52:47,14764,msedgewebview2.exe,0.0,0.1685706831493504,28291072,82,,0,unknown
2026-06-11 18:52:47,14772,CrossDeviceResume.exe,0.0,0.04427207459576106,7430144,28,,0,unknown
2026-06-11 18:52:47,14800,svchost.exe,0.0,0.0797824762147425,13389824,10,,0,unknown
2026-06-11 18:52:47,14844,SearchHost.exe,0.0,0.3518580482067735,59052032,36,,0,unknown
2026-06-11 18:52:47,14872,esrv_svc.exe,0.0,0.3150541405494374,52875264,96,,0,unknown
2026-06-11 18:52:47,14928,taskhostw.exe,0.0,0.05691426568760462,9551872,9,,0,unknown
2026-06-11 18:52:47,14940,crashpad_handler.exe,0.0,0.015424449363021493,2588672,6,,0,unknown
2026-06-11 18:52:47,15044,AcPowerNotification.exe,0.0,0.07951401269734813,13344768,18,,0,unknown
2026-06-11 18:52:47,15156,ArmourySocketServer.exe,0.0,0.005955008931293108,999424,16,,0,unknown
2026-06-11 18:52:47,15240,MicrosoftEdgeUpdate.exe,0.0,0.03267933179918636,5484544,4,,0,unknown
2026-06-11 18:52:47,15296,msedge.exe,0.0,0.08549342740294984,14348288,10,,0,unknown
2026-06-11 18:52:47,15408,Widgets.exe,0.0,0.2375414013453927,39866368,13,,0,unknown
2026-06-11 18:52:47,15548,svchost.exe,0.0,0.012129669831363422,2035712,3,,0,unknown
2026-06-11 18:52:47,15896,svchost.exe,0.0,0.07563349458228419,12693504,11,,0,unknown
2026-06-11 18:52:47,16452,HipsTray.exe,0.0,0.044882218953475515,7532544,12,,0,unknown
2026-06-11 18:52:47,16520,msedgewebview2.exe,0.0,0.02748090187145918,4612096,33,,0,unknown
2026-06-11 18:52:47,16688,Trae CN.exe,0.0,0.8668931034407017,145489920,24,,0,unknown
2026-06-11 18:52:47,16844,msedgewebview2.exe,0.0,0.2295851189207962,38531072,51,,0,unknown
2026-06-11 18:52:47,17076,asus_framework.exe,0.0,0.01376485671003817,2310144,27,,0,unknown
2026-06-11 18:52:47,17196,asus_framework.exe,0.0,0.03626698062254737,6086656,13,,0,unknown
2026-06-11 18:52:47,17448,NVIDIA Overlay.exe,0.0,0.09706176442521594,16289792,103,,0,unknown
2026-06-11 18:52:47,17464,NVIDIA Overlay.exe,0.0,0.10023451508533114,16822272,20,,0,unknown
2026-06-11 18:52:47,17812,msedgewebview2.exe,0.0,0.016913201595844772,2838528,8,,0,unknown
2026-06-11 18:52:47,17836,svchost.exe,0.0,0.04441850924161253,7454720,6,,0,unknown
2026-06-11 18:52:47,17980,msedge.exe,0.0,0.13284062956159173,22294528,11,,0,unknown
2026-06-11 18:52:47,18148,ArmouryCrate.exe,0.0,0.012202887154289155,2048000,37,,0,unknown
2026-06-11 18:52:47,18492,msedgewebview2.exe,0.0,0.15802738864804458,26521600,23,,0,unknown
2026-06-11 18:52:47,18516,msedgewebview2.exe,0.0,0.07265599011663763,12193792,81,,0,unknown
2026-06-11 18:52:47,18568,msedgewebview2.exe,0.0,0.05122772027370588,8597504,10,,0,unknown
2026-06-11 18:52:47,18780,msedgewebview2.exe,0.0,0.39002867922539003,65458176,31,,0,unknown
2026-06-11 18:52:47,19420,conhost.exe,0.0,0.057817279337022014,9703424,5,,0,unknown
2026-06-11 18:52:47,19696,TextInputHost.exe,0.0,1.0977229168512352,184229888,114,,0,unknown
2026-06-11 18:52:47,19900,nvcontainer.exe,0.0,0.35139433849491053,58974208,61,,0,unknown
2026-06-11 18:52:47,20636,NVIDIA Overlay.exe,0.0,0.04439410346730395,7450624,11,,0,unknown
2026-06-11 18:52:47,20972,ctfmon.exe,0.0,0.19573430995479807,32849920,21,,0,unknown
2026-06-11 18:52:47,20984,TabTip.exe,0.0,0.1125350253368546,18886656,32,,0,unknown
2026-06-11 18:52:47,21156,nvsphelper64.exe,0.0,0.023673601079320962,3973120,6,,0,unknown
2026-06-11 18:52:47,21328,ChsIME.exe,0.0,0.012154075605671999,2039808,2,,0,unknown
2026-06-11 18:52:47,21436,Trae CN.exe,0.0,0.7550170340101787,126713856,12,,0,unknown
2026-06-11 18:52:47,21496,conhost.exe,0.0,0.058183365951650697,9764864,7,,0,unknown
2026-06-11 18:52:47,21500,python3.13.exe,710.1,0.9737903949122747,163430400,48,,0,unknown
2026-06-11 18:52:47,21580,NVIDIA Overlay.exe,0.0,0.19036503960691084,31948800,27,,0,unknown
2026-06-11 18:52:47,21884,360DesktopLite64.exe,0.0,0.5717052631784469,95948800,42,,0,unknown
2026-06-11 18:52:47,22052,svchost.exe,0.0,0.0127154084147693,2134016,1,,0,unknown
2026-06-11 18:52:47,22380,Trae CN.exe,0.0,1.7913594284753396,300642304,30,,0,unknown
2026-06-11 18:52:47,22404,msedgewebview2.exe,0.0,0.08393145784720081,14086144,23,,0,unknown
2026-06-11 18:52:47,22432,crashpad_handler.exe,0.0,0.012837437286312191,2154496,6,,0,unknown
2026-06-11 18:52:47,22628,msedge.exe,0.0,0.3345299484476829,56143872,24,,0,unknown
2026-06-11 18:52:47,22992,svchost.exe,0.0,0.015278014717170024,2564096,2,,0,unknown
2026-06-11 18:52:47,23028,AsusSoftwareManagerAgent.exe,0.0,0.08937394551801378,14999552,9,,0,unknown
2026-06-11 18:52:47,23056,svchost.exe,0.0,0.06262521687581195,10510336,7,,0,unknown
2026-06-11 18:52:47,23132,Trae CN.exe,0.0,0.37123623300778474,62304256,28,,0,unknown
2026-06-11 18:52:47,23344,GameViewer.exe,0.0,0.25247773522224265,42373120,87,,0,unknown
2026-06-11 18:52:47,23540,msedge.exe,0.0,1.7638053092809545,296017920,37,,0,unknown
2026-06-11 18:52:47,23668,Trae CN.exe,0.0,0.3737988393101854,62734336,20,,0,unknown
2026-06-11 18:52:47,24192,powershell.exe,0.0,0.46236739427601614,77598720,9,,0,unknown
2026-06-11 18:52:47,24384,RuntimeBroker.exe,0.0,0.014301783744826891,2400256,3,,0,unknown
2026-06-11 18:52:47,24416,ApplicationFrameHost.exe,0.0,0.0716797591442945,12029952,68,,0,unknown
2026-06-11 18:52:47,24480,powershell.exe,0.0,0.5303374757254067,89006080,9,,0,unknown
2026-06-11 18:52:47,24692,svchost.exe,0.0,0.02357597798208665,3956736,6,,0,unknown
2026-06-11 18:52:47,24728,msedgewebview2.exe,0.0,0.09833086468926203,16502784,21,,0,unknown
2026-06-11 18:52:47,24836,IntelGraphicsSoftware.exe,0.0,0.14182195450714857,23801856,72,,0,unknown
2026-06-11 18:52:47,25236,RtkAudUService64.exe,0.0,0.044028016852675274,7389184,14,,0,unknown
2026-06-11 18:52:47,25308,TranslucentTB.exe,0.0,0.18443443644992633,30953472,31,,0,unknown
2026-06-11 18:52:47,25684,msedge.exe,0.0,0.9204393722737224,154476544,88,,0,unknown
2026-06-11 18:52:47,25736,powershell.exe,0.0,0.5273843770340687,88510464,11,,0,unknown
2026-06-11 18:52:47,25980,svchost.exe,0.0,0.041148135484263035,6905856,10,,0,unknown
2026-06-11 18:52:47,26012,msedgewebview2.exe,0.0,0.20818125485217298,34938880,52,,0,unknown
2026-06-11 18:52:47,26428,svchost.exe,0.0,0.09579266416116988,16076800,12,,0,unknown
2026-06-11 18:52:47,26548,taskhostw.exe,0.0,0.06482173656358399,10878976,6,,0,unknown
2026-06-11 18:52:47,26884,msedge.exe,0.0,0.9267360620453358,155533312,33,,0,unknown
2026-06-11 18:52:47,26904,svchost.exe,0.0,0.028261886649333687,4743168,7,,0,unknown
2026-06-11 18:52:47,26936,Trae CN.exe,0.0,0.8034869017870152,134848512,27,,0,unknown
2026-06-11 18:52:47,27000,msedge.exe,0.0,0.12158956760533715,20406272,10,,0,unknown
2026-06-11 18:52:47,27196,svchost.exe,0.0,0.03258170870195205,5468160,2,,0,unknown
2026-06-11 18:52:47,27348,msedgewebview2.exe,0.0,0.019890706061491324,3338240,8,,0,unknown
2026-06-11 18:52:47,27372,svchost.exe,0.0,0.22631474516344668,37982208,26,,0,unknown
2026-06-11 18:52:47,27568,conhost.exe,0.0,0.07141129562690014,11984896,4,,0,unknown
2026-06-11 18:52:47,28164,wsctrlsvc.exe,0.0,0.012593379543226408,2113536,3,,0,unknown
2026-06-11 18:52:47,28584,Trae CN.exe,0.0,1.4385007435219144,241422336,25,,0,unknown
2026-06-11 18:52:47,28676,SystemSettings.exe,0.0,0.0167667669499933,2813952,67,,0,unknown
2026-06-11 18:52:47,28692,crashpad_handler.exe,0.0,0.014692276133764143,2465792,6,,0,unknown
2026-06-11 18:52:47,28732,Trae CN.exe,0.0,0.5034911239859705,84500480,54,,0,unknown
2026-06-11 18:52:47,28880,msedge.exe,0.0,0.21145162860952252,35487744,13,,0,unknown
2026-06-11 18:52:47,28884,msedge.exe,0.0,1.83375225844934,307757056,66,,0,unknown
2026-06-11 18:52:47,28920,backgroundTaskHost.exe,0.0,0.015058362748392819,2527232,12,,0,unknown
2026-06-11 18:52:47,28948,audiodg.exe,0.0,0.2530390680313399,42467328,16,,0,unknown
2026-06-11 18:52:47,29436,svchost.exe,0.0,0.00851761523369383,1429504,4,,0,unknown
2026-06-11 18:52:47,29500,conhost.exe,0.0,0.05037351817290563,8454144,2,,0,unknown
2026-06-11 18:52:47,29560,GameViewerServer.exe,0.0,0.3724321159489051,62504960,91,,0,unknown
2026-06-11 18:52:47,29584,SearchFilterHost.exe,0.0,0.07275361321387196,12210176,1,,0,unknown
2026-06-11 18:52:47,29616,backgroundTaskHost.exe,0.0,0.20905986272728183,35086336,9,,0,unknown
2026-06-11 18:52:47,29800,powershell.exe,0.0,0.521234121908307,87478272,12,,0,unknown
2026-06-11 18:52:47,30088,Trae CN.exe,0.0,1.0199417141297962,171175936,34,,0,unknown
2026-06-11 18:52:47,30184,Trae CN.exe,0.0,1.5824460003939091,265580544,91,,0,unknown
2026-06-11 18:52:47,30204,conhost.exe,0.0,0.057353569625159036,9625600,5,,0,unknown
2026-06-11 18:52:47,30208,svchost.exe,0.0,0.03648663259132458,6123520,3,,0,unknown
2026-06-11 18:52:47,30352,conhost.exe,0.0,0.05725594652792473,9609216,5,,0,unknown
2026-06-11 18:52:47,30356,Trae CN.exe,0.0,3.897065230045168,654041088,37,,0,unknown
2026-06-11 18:52:47,30512,HipsDaemon.exe,0.0,0.03560802471621576,5976064,115,,0,unknown
2026-06-11 18:52:47,30600,asus_framework.exe,0.0,0.04685908667247036,7864320,20,,0,unknown
2026-06-11 18:52:47,30916,svchost.exe,0.0,0.07297326518264916,12247040,5,,0,unknown
2026-06-11 18:52:47,31024,msedge.exe,0.0,1.326063341282294,222552064,36,,0,unknown
2026-06-11 18:52:47,31200,msedge.exe,0.0,0.11678163006654722,19599360,8,,0,unknown
2026-06-11 18:52:47,31304,WidgetService.exe,0.0,0.044198857272835325,7417856,5,,0,unknown
2026-06-11 18:52:47,31316,msedge.exe,0.0,0.190877560867391,32034816,14,,0,unknown
2026-06-11 18:52:47,31432,Trae CN.exe,0.0,0.6731356612048984,112971776,14,,0,unknown
2026-06-11 18:52:47,31636,ArmourySwAgent.exe,0.0,0.009200976914334023,1544192,4,,0,unknown
2026-06-11 18:53:48,0,System Idle Process,0.0,4.881154861715662e-05,8192,60,,0,unknown
2026-06-11 18:53:48,4,System,0.0,0.00029286929170293976,49152,486,,0,unknown
2026-06-11 18:53:48,320,Registry,0.0,0.2911364817270307,48861184,4,,0,unknown
2026-06-11 18:53:48,512,agent-tool-host.exe,0.0,0.1200764095982053,20152320,30,,0,unknown
2026-06-11 18:53:48,904,smss.exe,0.0,0.0021233023648463134,356352,2,,0,unknown
2026-06-11 18:53:48,1084,fontdrvhost.exe,0.0,0.03260611447626063,5472256,5,,0,unknown
2026-06-11 18:53:48,1092,fontdrvhost.exe,0.0,0.0051496183791100245,864256,5,,0,unknown
2026-06-11 18:53:48,1140,WUDFHost.exe,0.0,0.01549766668594723,2600960,6,,0,unknown
2026-06-11 18:53:48,1392,RuntimeBroker.exe,0.0,0.09571944683824414,16064512,7,,0,unknown
2026-06-11 18:53:48,1628,csrss.exe,0.0,0.01998832915872564,3354624,16,,0,unknown
2026-06-11 18:53:48,1736,wininit.exe,0.0,0.010933786890243085,1835008,2,,0,unknown
2026-06-11 18:53:48,1744,csrss.exe,0.0,0.022477718138200625,3772416,18,,0,unknown
2026-06-11 18:53:48,1832,winlogon.exe,0.0,0.02040322732197147,3424256,4,,0,unknown
2026-06-11 18:53:48,1852,services.exe,0.0,0.04720076751279046,7921664,7,,0,unknown
2026-06-11 18:53:48,1868,Trae CN.exe,0.0,1.246598140133563,209215488,62,,0,unknown
2026-06-11 18:53:48,1884,lsass.exe,0.0,0.12632428782120134,21200896,10,,0,unknown
2026-06-11 18:53:48,1960,svchost.exe,0.0,0.09176571140025445,15400960,10,,0,unknown
2026-06-11 18:53:48,1964,RuntimeBroker.exe,0.0,0.1399671156596966,23490560,12,,0,unknown
2026-06-11 18:53:48,1988,msedge.exe,0.0,0.43786399687020355,73486336,28,,0,unknown
2026-06-11 18:53:48,2044,svchost.exe,0.0,0.19653970050698116,32985088,22,,0,unknown
2026-06-11 18:53:48,2160,svchost.exe,0.0,0.028725596361196672,4820992,5,,0,unknown
2026-06-11 18:53:48,2192,WUDFHost.exe,0.0,0.05025148930136275,8433664,23,,0,unknown
2026-06-11 18:53:48,2252,Steam++.exe,0.0,2.762733651731065,463667200,118,,0,unknown
2026-06-11 18:53:48,2292,dwm.exe,0.0,0.5537670190616419,92938240,160,,0,unknown
2026-06-11 18:53:48,2348,svchost.exe,0.0,0.10135718070352574,17010688,6,,0,unknown
2026-06-11 18:53:48,2356,svchost.exe,0.0,0.025943338090018746,4354048,2,,0,unknown
2026-06-11 18:53:48,2364,svchost.exe,0.0,0.021477081391548917,3604480,7,,0,unknown
2026-06-11 18:53:48,2376,svchost.exe,0.0,0.012983871932163661,2179072,3,,0,unknown
2026-06-11 18:53:48,2388,svchost.exe,0.0,0.07285123631110627,12226560,10,,0,unknown
2026-06-11 18:53:48,2576,svchost.exe,0.0,0.031873941247003275,5349376,8,,0,unknown
2026-06-11 18:53:48,2648,svchost.exe,0.0,0.021233023648463134,3563520,5,,0,unknown
2026-06-11 18:53:48,2656,svchost.exe,0.0,0.038902804247873825,6529024,4,,0,unknown
2026-06-11 18:53:48,2664,svchost.exe,0.0,0.02804223468055648,4706304,4,,0,unknown
2026-06-11 18:53:48,2684,svchost.exe,0.0,0.041733874067668916,7004160,11,,0,unknown
2026-06-11 18:53:48,2756,msedge.exe,0.0,0.36208406764206785,60768256,30,,0,unknown
2026-06-11 18:53:48,2768,Trae CN.exe,0.0,4.666725728640493,783212544,10,,0,unknown
2026-06-11 18:53:48,2836,SecurityHealthService.exe,0.0,0.05852504679197079,9822208,11,,0,unknown
2026-06-11 18:53:48,2848,svchost.exe,0.0,0.029897073528008435,5017600,9,,0,unknown
2026-06-11 18:53:48,2956,conhost.exe,0.0,0.011690365893809012,1961984,3,,0,unknown
2026-06-11 18:53:48,2960,svchost.exe,0.0,0.0747304809328668,12541952,11,,0,unknown
2026-06-11 18:53:48,2972,svchost.exe,0.0,0.018890069314839615,3170304,3,,0,unknown
2026-06-11 18:53:48,2980,svchost.exe,0.0,0.03324066460828366,5578752,10,,0,unknown
2026-06-11 18:53:48,2988,svchost.exe,0.0,0.04322262630049219,7254016,3,,0,unknown
2026-06-11 18:53:48,2996,svchost.exe,0.0,0.1016256442209201,17055744,4,,0,unknown
2026-06-11 18:53:48,3132,svchost.exe,0.0,0.056621396395901684,9502720,7,,0,unknown
2026-06-11 18:53:48,3212,svchost.exe,0.0,0.027846988486087854,4673536,6,,0,unknown
2026-06-11 18:53:48,3228,AsusCertService.exe,0.0,0.01127546773056318,1892352,4,,0,unknown
2026-06-11 18:53:48,3468,IntelCpHDCPSvc.exe,0.0,0.011007004213168818,1847296,3,,0,unknown
2026-06-11 18:53:48,3520,Steam++.Accelerator.exe,0.0,0.7509412697006461,126029824,42,,0,unknown
2026-06-11 18:53:48,3544,svchost.exe,0.0,0.013398770095409494,2248704,3,,0,unknown
2026-06-11 18:53:48,3560,esrv.exe,0.0,0.16861949469796758,28299264,59,,0,unknown
2026-06-11 18:53:48,3568,svchost.exe,0.0,0.009030136494173975,1515520,4,,0,unknown
2026-06-11 18:53:48,3708,asus_framework.exe,0.0,0.06731112554305899,11296768,35,,0,unknown
2026-06-11 18:53:48,3760,msedgewebview2.exe,0.0,0.061722203226394545,10358784,21,,0,unknown
2026-06-11 18:53:48,3768,svchost.exe,0.0,0.06196626096948033,10399744,7,,0,unknown
2026-06-11 18:53:48,3940,powershell.exe,0.0,0.46190368456415315,77520896,9,,0,unknown
2026-06-11 18:53:48,3948,PresentMonService.exe,0.0,0.0127154084147693,2134016,11,,0,unknown
2026-06-11 18:53:48,3968,svchost.exe,0.0,0.011787988991043325,1978368,4,,0,unknown
2026-06-11 18:53:48,4044,svchost.exe,0.0,0.12327356603262907,20688896,5,,0,unknown
2026-06-11 18:53:48,4052,NVDisplay.Container.exe,0.0,0.12537246262316679,21041152,42,,0,unknown
2026-06-11 18:53:48,4084,svchost.exe,0.0,0.09606112767856424,16121856,8,,0,unknown
2026-06-11 18:53:48,4100,svchost.exe,0.0,0.0355592131675986,5967872,6,,0,unknown
2026-06-11 18:53:48,4200,MemCompression,0.0,1.7439146032194632,292679680,78,,0,unknown
2026-06-11 18:53:48,4240,svchost.exe,0.0,0.010982598438860241,1843200,3,,0,unknown
2026-06-11 18:53:48,4272,svchost.exe,0.0,0.025528439926772915,4284416,8,,0,unknown
2026-06-11 18:53:48,4280,svchost.exe,0.0,0.02052525619351436,3444736,6,,0,unknown
2026-06-11 18:53:48,4360,svchost.exe,0.0,0.068409385386945,11481088,12,,0,unknown
2026-06-11 18:53:48,4400,svchost.exe,0.0,0.02587012076709301,4341760,6,,0,unknown
2026-06-11 18:53:48,4440,svchost.exe,0.0,0.04783531764481349,8028160,6,,0,unknown
2026-06-11 18:53:48,4476,GameViewerHealthd.exe,0.0,0.02630942470464742,4415488,6,,0,unknown
2026-06-11 18:53:48,4496,svchost.exe,0.0,0.06687182160550457,11223040,13,,0,unknown
2026-06-11 18:53:48,4520,svchost.exe,0.0,0.057085106107764676,9580544,9,,0,unknown
2026-06-11 18:53:48,4544,svchost.exe,0.0,0.019597836769788386,3289088,8,,0,unknown
2026-06-11 18:53:48,4796,AsusOptimization.exe,0.0,0.018816851991913876,3158016,10,,0,unknown
2026-06-11 18:53:48,4944,spoolsv.exe,0.0,0.01720607088754771,2887680,7,,0,unknown
2026-06-11 18:53:48,5032,svchost.exe,0.0,0.06779924102923056,11378688,15,,0,unknown
2026-06-11 18:53:48,5064,Trae CN.exe,0.0,0.19178057451680838,32186368,19,,0,unknown
2026-06-11 18:53:48,5080,svchost.exe,0.0,0.022428906589583467,3764224,4,,0,unknown
2026-06-11 18:53:48,5248,unsecapp.exe,0.0,0.019402590575319758,3256320,3,,0,unknown
2026-06-11 18:53:48,5312,AsusSystemAnalysis.exe,0.0,0.0631133323619835,10592256,9,,0,unknown
2026-06-11 18:53:48,5320,svchost.exe,0.0,0.2780793924719413,46669824,11,,0,unknown
2026-06-11 18:53:48,5328,svchost.exe,0.0,0.21228142493601418,35627008,18,,0,unknown
2026-06-11 18:53:48,5340,DAX3API.exe,0.0,0.02484507824613272,4169728,11,,0,unknown
2026-06-11 18:53:48,5352,svchost.exe,0.0,0.030702464080191515,5152768,5,,0,unknown
2026-06-11 18:53:48,5368,svchost.exe,0.0,0.006394312868847518,1073152,3,,0,unknown
2026-06-11 18:53:48,5380,svchost.exe,0.0,0.015229203168552866,2555904,6,,0,unknown
2026-06-11 18:53:48,5392,MsMpEng.exe,0.0,0.767439573133245,128798720,9,,0,unknown
2026-06-11 18:53:48,5400,svchost.exe,0.0,0.08144206886772583,13668352,11,,0,unknown
2026-06-11 18:53:48,5408,MpDefenderCoreService.exe,0.0,0.0829552268748577,13922304,9,,0,unknown
2026-06-11 18:53:48,5416,RtkAudUService64.exe,0.0,0.03277695489642067,5500928,20,,0,unknown
2026-06-11 18:53:48,5428,svchost.exe,0.0,0.06352823052522934,10661888,8,,0,unknown
2026-06-11 18:53:48,5520,AsusSwitch.exe,0.0,0.014326189519135469,2404352,7,,0,unknown
2026-06-11 18:53:48,5540,svchost.exe,0.0,0.030531623660031468,5124096,5,,0,unknown
2026-06-11 18:53:48,5552,crashpad_handler.exe,0.0,0.008737267202471036,1466368,6,,0,unknown
2026-06-11 18:53:48,5560,ipfsvc.exe,0.0,0.023746818402246697,3985408,9,,0,unknown
2026-06-11 18:53:48,5588,ArmouryCrateControlInterface.exe,0.0,0.011910017862586216,1998848,3,,0,unknown
2026-06-11 18:53:48,5628,DSAService.exe,0.0,0.20022497242757645,33603584,15,,0,unknown
2026-06-11 18:53:48,5636,AsusSoftwareManager.exe,0.0,0.02833510397225942,4755456,9,,0,unknown
2026-06-11 18:53:48,5644,AsusAppService.exe,0.0,0.03531515542451282,5926912,4,,0,unknown
2026-06-11 18:53:48,5672,AsusSystemDiagnosis.exe,0.0,0.012593379543226408,2113536,2,,0,unknown
2026-06-11 18:53:48,5680,ArmouryCrate.Service.exe,0.0,0.12891129989791064,21635072,102,,0,unknown
2026-06-11 18:53:48,5692,ipf_uf.exe,0.0,0.014082131776049686,2363392,3,,0,unknown
2026-06-11 18:53:48,5700,IntelGraphicsSoftware.Service.exe,0.0,0.041855902939211806,7024640,15,,0,unknown
2026-06-11 18:53:48,5716,FeverGamesService.exe,0.0,0.033948432063232434,5697536,3,,0,unknown
2026-06-11 18:53:48,5724,AsusPTPService.exe,0.0,0.017254882436164867,2895872,4,,0,unknown
2026-06-11 18:53:48,5748,nvcontainer.exe,0.0,0.13428057024579787,22536192,32,,0,unknown
2026-06-11 18:53:48,5800,SurSvc.exe,0.0,0.10348048306837204,17367040,11,,0,unknown
2026-06-11 18:53:48,5808,WMIRegistrationService.exe,0.0,0.014326189519135469,2404352,2,,0,unknown
2026-06-11 18:53:48,5816,ROGLiveService.exe,0.0,0.06045310296234848,10145792,31,,0,unknown
2026-06-11 18:53:48,5824,DSAUpdateService.exe,0.0,0.13720926316282728,23027712,10,,0,unknown
2026-06-11 18:53:48,5832,IntelAudioService.exe,0.0,0.030458406337105733,5111808,8,,0,unknown
2026-06-11 18:53:48,5904,GameViewerService.exe,0.0,0.016278651463821736,2732032,5,,0,unknown
2026-06-11 18:53:48,6292,jhi_service.exe,0.0,0.009981961692208531,1675264,2,,0,unknown
2026-06-11 18:53:48,6440,svchost.exe,0.0,0.09298600011568336,15605760,6,,0,unknown
2026-06-11 18:53:48,6612,msedgewebview2.exe,0.0,0.01071413492146588,1798144,11,,0,unknown
2026-06-11 18:53:48,6648,svchost.exe,0.0,0.02918930607305966,4898816,9,,0,unknown
2026-06-11 18:53:48,6692,msedgewebview2.exe,0.0,0.07082555704349426,11886592,32,,0,unknown
2026-06-11 18:53:48,6816,svchost.exe,0.0,0.02240450081527489,3760128,12,,0,unknown
2026-06-11 18:53:48,6932,DataExchangeHost.exe,0.0,0.03734083469212482,6266880,1,,0,unknown
2026-06-11 18:53:48,6976,WmiPrvSE.exe,0.0,0.13174236971770573,22110208,6,,0,unknown
2026-06-11 18:53:48,7548,svchost.exe,0.0,0.011055815761785976,1855488,2,,0,unknown
2026-06-11 18:53:48,7648,WUDFHost.exe,0.0,0.03980581789729123,6680576,11,,0,unknown
2026-06-11 18:53:48,8132,wlanext.exe,0.0,0.020452038870588624,3432448,7,,0,unknown
2026-06-11 18:53:48,8164,ShellExperienceHost.exe,0.0,0.3358722660346547,56369152,42,,0,unknown
2026-06-11 18:53:48,8236,WUDFHost.exe,0.0,0.04580963837720149,7688192,8,,0,unknown
2026-06-11 18:53:48,8244,conhost.exe,0.0,0.007199703421030603,1208320,2,,0,unknown
2026-06-11 18:53:48,8316,Steam++.exe,0.0,0.6745023845661788,113201152,16,,0,unknown
2026-06-11 18:53:48,8648,Intel_PIE_Service.exe,0.0,0.017450128630633492,2928640,5,,0,unknown
2026-06-11 18:53:48,8692,Trae CN.exe,0.0,1.2967031947890744,217624576,81,,0,unknown
2026-06-11 18:53:48,8864,msedge.exe,0.0,0.6428480952879527,107888640,32,,0,unknown
2026-06-11 18:53:48,9204,AggregatorHost.exe,0.0,0.04656621738076742,7815168,3,,0,unknown
2026-06-11 18:53:48,9228,SecurityHealthSystray.exe,0.0,0.025577251475390073,4292608,1,,0,unknown
2026-06-11 18:53:48,9776,SearchProtocolHost.exe,0.0,0.09977080537346814,16744448,5,,0,unknown
2026-06-11 18:53:48,9868,svchost.exe,0.0,0.012593379543226408,2113536,6,,0,unknown
2026-06-11 18:53:48,10072,msedgewebview2.exe,0.0,0.01720607088754771,2887680,8,,0,unknown
2026-06-11 18:53:48,10428,svchost.exe,0.0,0.09110675549392283,15290368,4,,0,unknown
2026-06-11 18:53:48,10456,SnippingTool.exe,0.0,0.1142190237641465,19169280,30,,0,unknown
2026-06-11 18:53:48,10736,NVIDIA Overlay.exe,0.0,0.30053270483583333,50438144,147,,0,unknown
2026-06-11 18:53:48,11000,SearchIndexer.exe,0.0,0.219700780325822,36872192,11,,0,unknown
2026-06-11 18:53:48,11020,svchost.exe,0.0,0.1271784899220016,21344256,11,,0,unknown
2026-06-11 18:53:48,11048,NVDisplay.Container.exe,0.0,0.13567169938138685,22769664,31,,0,unknown
2026-06-11 18:53:48,11276,nvcontainer.exe,0.0,0.13225489097818588,22196224,24,,0,unknown
2026-06-11 18:53:48,11300,svchost.exe,0.0,0.01984189451287417,3330048,8,,0,unknown
2026-06-11 18:53:48,11824,svchost.exe,0.0,0.030873304500351566,5181440,3,,0,unknown
2026-06-11 18:53:48,11872,svchost.exe,0.0,0.02648026512480747,4444160,2,,0,unknown
2026-06-11 18:53:48,12216,msedgewebview2.exe,0.0,0.03907364466803388,6557696,84,,0,unknown
2026-06-11 18:53:48,12312,svchost.exe,0.0,0.026870757513744726,4509696,5,,0,unknown
2026-06-11 18:53:48,12352,UserOOBEBroker.exe,0.0,0.0335335338999866,5627904,1,,0,unknown
2026-06-11 18:53:48,12784,DAX3API.exe,0.0,0.030116725496785637,5054464,6,,0,unknown
2026-06-11 18:53:48,12792,AsusOptimizationStartupTask.exe,0.0,0.012520162220300675,2101248,6,,0,unknown
2026-06-11 18:53:48,12816,ipf_helper.exe,0.0,0.035437184296055704,5947392,4,,0,unknown
2026-06-11 18:53:48,12828,ArmouryCrate.UserSessionHelper.exe,0.0,0.13940578285059932,23396352,110,,0,unknown
2026-06-11 18:53:48,12856,sihost.exe,0.0,0.161590631697097,27119616,13,,0,unknown
2026-06-11 18:53:48,12864,DSATray.exe,0.0,0.13679436499958145,22958080,12,,0,unknown
2026-06-11 18:53:48,12872,nvcontainer.exe,0.0,0.047469231030184814,7966720,18,,0,unknown
2026-06-11 18:53:48,12940,svchost.exe,0.0,0.030531623660031468,5124096,4,,0,unknown
2026-06-11 18:53:48,12948,svchost.exe,0.0,0.087104208507316,14618624,8,,0,unknown
2026-06-11 18:53:48,12964,AsusSurvey.exe,0.0,0.08385824052427508,14073856,9,,0,unknown
2026-06-11 18:53:48,13148,conhost.exe,0.0,0.008810484525396772,1478656,2,,0,unknown
2026-06-11 18:53:48,13252,StartMenuExperienceHost.exe,0.0,0.6625435551549754,111194112,41,,0,unknown
2026-06-11 18:53:48,13268,msedgewebview2.exe,0.0,0.037706921306753495,6328320,11,,0,unknown
2026-06-11 18:53:48,13400,conhost.exe,0.0,0.05901316227814236,9904128,5,,0,unknown
2026-06-11 18:53:48,13544,svchost.exe,0.0,0.04361311868942944,7319552,4,,0,unknown
2026-06-11 18:53:48,13600,RtkAudUService64.exe,0.0,0.030824492951734405,5173248,9,,0,unknown
2026-06-11 18:53:48,13704,svchost.exe,0.0,0.1244694489737494,20889600,6,,0,unknown
2026-06-11 18:53:48,13764,msedgewebview2.exe,0.0,0.07614601584276433,12779520,54,,0,unknown
2026-06-11 18:53:48,13844,explorer.exe,0.0,1.8806113451218103,315621376,228,,0,unknown
2026-06-11 18:53:48,13860,ShellHost.exe,0.0,0.06203947829240607,10412032,29,,0,unknown
2026-06-11 18:53:48,13872,svchost.exe,0.0,0.06645692344225874,11153408,4,,0,unknown
2026-06-11 18:53:48,14192,svchost.exe,0.0,0.008883701848322505,1490944,2,,0,unknown
2026-06-11 18:53:48,14316,svchost.exe,0.0,0.01112903308471171,1867776,1,,0,unknown
2026-06-11 18:53:48,14340,RuntimeBroker.exe,0.0,0.09496286783467822,15937536,2,,0,unknown
2026-06-11 18:53:48,14708,svchost.exe,0.0,0.1523652490084544,25571328,5,,0,unknown
2026-06-11 18:53:48,14740,RuntimeBroker.exe,0.0,0.2291946265318589,38465536,7,,0,unknown
2026-06-11 18:53:48,14764,msedgewebview2.exe,0.0,0.16861949469796758,28299264,82,,0,unknown
2026-06-11 18:53:48,14772,CrossDeviceResume.exe,0.0,0.04424766882145248,7426048,28,,0,unknown
2026-06-11 18:53:48,14800,svchost.exe,0.0,0.07953841847165673,13348864,9,,0,unknown
2026-06-11 18:53:48,14844,SearchHost.exe,0.0,0.3524437867901794,59150336,37,,0,unknown
2026-06-11 18:53:48,14872,esrv_svc.exe,0.0,0.3172506602372095,53243904,95,,0,unknown
2026-06-11 18:53:48,14928,taskhostw.exe,0.0,0.05691426568760462,9551872,9,,0,unknown
2026-06-11 18:53:48,14940,crashpad_handler.exe,0.0,0.015424449363021493,2588672,6,,0,unknown
2026-06-11 18:53:48,15044,AcPowerNotification.exe,0.0,0.07980688198905109,13393920,18,,0,unknown
2026-06-11 18:53:48,15156,ArmourySocketServer.exe,0.0,0.005955008931293108,999424,16,,0,unknown
2026-06-11 18:53:48,15240,MicrosoftEdgeUpdate.exe,0.0,0.03267933179918636,5484544,4,,0,unknown
2026-06-11 18:53:48,15296,msedge.exe,0.0,0.08532258698278979,14319616,9,,0,unknown
2026-06-11 18:53:48,15408,Widgets.exe,0.0,0.23766343021693562,39886848,14,,0,unknown
2026-06-11 18:53:48,15548,svchost.exe,0.0,0.012105264057054843,2031616,3,,0,unknown
2026-06-11 18:53:48,15896,svchost.exe,0.0,0.07621923316569007,12791808,11,,0,unknown
2026-06-11 18:53:48,16452,HipsTray.exe,0.0,0.044882218953475515,7532544,12,,0,unknown
2026-06-11 18:53:48,16520,msedgewebview2.exe,0.0,0.02748090187145918,4612096,33,,0,unknown
2026-06-11 18:53:48,16688,Trae CN.exe,0.0,0.8683574498992163,145735680,24,,0,unknown
2026-06-11 18:53:48,16844,msedgewebview2.exe,0.0,0.2295851189207962,38531072,51,,0,unknown
2026-06-11 18:53:48,17076,asus_framework.exe,0.0,0.01376485671003817,2310144,27,,0,unknown
2026-06-11 18:53:48,17196,asus_framework.exe,0.0,0.03299660686519788,5537792,13,,0,unknown
2026-06-11 18:53:48,17448,NVIDIA Overlay.exe,0.0,0.09706176442521594,16289792,103,,0,unknown
2026-06-11 18:53:48,17464,NVIDIA Overlay.exe,0.0,0.10023451508533114,16822272,20,,0,unknown
2026-06-11 18:53:48,17812,msedgewebview2.exe,0.0,0.016913201595844772,2838528,8,,0,unknown
2026-06-11 18:53:48,17836,svchost.exe,0.0,0.04415004572421817,7409664,5,,0,unknown
2026-06-11 18:53:48,17980,msedge.exe,0.0,0.1326697891414317,22265856,10,,0,unknown
2026-06-11 18:53:48,18148,ArmouryCrate.exe,0.0,0.012202887154289155,2048000,37,,0,unknown
2026-06-11 18:53:48,18492,msedgewebview2.exe,0.0,0.15785654822788453,26492928,23,,0,unknown
2026-06-11 18:53:48,18516,msedgewebview2.exe,0.0,0.07265599011663763,12193792,81,,0,unknown
2026-06-11 18:53:48,18568,msedgewebview2.exe,0.0,0.05095925675631151,8552448,10,,0,unknown
2026-06-11 18:53:48,18780,msedgewebview2.exe,0.0,0.39002867922539003,65458176,31,,0,unknown
2026-06-11 18:53:48,19420,conhost.exe,0.0,0.05811014862872496,9752576,7,,0,unknown
2026-06-11 18:53:48,19696,TextInputHost.exe,0.0,1.0893029247147756,182816768,114,,0,unknown
2026-06-11 18:53:48,19900,nvcontainer.exe,0.0,0.35141874426921915,58978304,61,,0,unknown
2026-06-11 18:53:48,20636,NVIDIA Overlay.exe,0.0,0.04439410346730395,7450624,11,,0,unknown
2026-06-11 18:53:48,20972,ctfmon.exe,0.0,0.19895587216353042,33390592,21,,0,unknown
2026-06-11 18:53:48,20984,TabTip.exe,0.0,0.11329160434042053,19013632,33,,0,unknown
2026-06-11 18:53:48,21156,nvsphelper64.exe,0.0,0.023673601079320962,3973120,6,,0,unknown
2026-06-11 18:53:48,21328,ChsIME.exe,0.0,0.012154075605671999,2039808,2,,0,unknown
2026-06-11 18:53:48,21436,Trae CN.exe,0.0,0.7550170340101787,126713856,12,,0,unknown
2026-06-11 18:53:48,21496,conhost.exe,0.0,0.05793930820856491,9723904,5,,0,unknown
2026-06-11 18:53:48,21500,python3.13.exe,0.0,0.972911787037166,163282944,45,,0,unknown
2026-06-11 18:53:48,21580,NVIDIA Overlay.exe,0.0,0.24371606224546302,40902656,27,,0,unknown
2026-06-11 18:53:48,21884,360DesktopLite64.exe,0.0,0.5717052631784469,95948800,42,,0,unknown
2026-06-11 18:53:48,22052,svchost.exe,0.0,0.0127154084147693,2134016,1,,0,unknown
2026-06-11 18:53:48,22380,Trae CN.exe,0.0,1.794629802232689,301191168,27,,0,unknown
2026-06-11 18:53:48,22404,msedgewebview2.exe,0.0,0.08393145784720081,14086144,23,,0,unknown
2026-06-11 18:53:48,22432,crashpad_handler.exe,0.0,0.012837437286312191,2154496,6,,0,unknown
2026-06-11 18:53:48,22628,msedge.exe,0.0,0.33426148493028857,56098816,22,,0,unknown
2026-06-11 18:53:48,22992,svchost.exe,0.0,0.015253608942861447,2560000,2,,0,unknown
2026-06-11 18:53:48,23028,AsusSoftwareManagerAgent.exe,0.0,0.08947156861524809,15015936,9,,0,unknown
2026-06-11 18:53:48,23056,svchost.exe,0.0,0.06240556490703475,10473472,6,,0,unknown
2026-06-11 18:53:48,23132,Trae CN.exe,0.0,0.3715779138481048,62361600,26,,0,unknown
2026-06-11 18:53:48,23344,GameViewer.exe,0.0,0.2623620738172168,44032000,90,,0,unknown
2026-06-11 18:53:48,23540,msedge.exe,0.0,1.7505773796057051,293797888,36,,0,unknown
2026-06-11 18:53:48,23668,Trae CN.exe,0.0,0.3724809274975222,62513152,20,,0,unknown
2026-06-11 18:53:48,24192,powershell.exe,0.0,0.4626358577934105,77643776,10,,0,unknown
2026-06-11 18:53:48,24384,RuntimeBroker.exe,0.0,0.014301783744826891,2400256,3,,0,unknown
2026-06-11 18:53:48,24416,ApplicationFrameHost.exe,0.0,0.0716797591442945,12029952,68,,0,unknown
2026-06-11 18:53:48,24480,powershell.exe,0.0,0.5303374757254067,89006080,9,,0,unknown
2026-06-11 18:53:48,24692,svchost.exe,0.0,0.023649195305012385,3969024,6,,0,unknown
2026-06-11 18:53:48,24728,msedgewebview2.exe,0.0,0.09828205314064486,16494592,21,,0,unknown
2026-06-11 18:53:48,24836,IntelGraphicsSoftware.exe,0.0,0.14201720070161722,23834624,72,,0,unknown
2026-06-11 18:53:48,25236,RtkAudUService64.exe,0.0,0.044345291918686795,7442432,15,,0,unknown
2026-06-11 18:53:48,25308,TranslucentTB.exe,0.0,0.18448324799854346,30961664,31,,0,unknown
2026-06-11 18:53:48,25684,msedge.exe,0.0,0.9201465029820196,154427392,86,,0,unknown
2026-06-11 18:53:48,25736,powershell.exe,0.0,0.527604029002846,88547328,12,,0,unknown
2026-06-11 18:53:48,25980,svchost.exe,0.0,0.0410749181613373,6893568,10,,0,unknown
2026-06-11 18:53:48,26012,msedgewebview2.exe,0.0,0.20815684907786441,34934784,52,,0,unknown
2026-06-11 18:53:48,26428,svchost.exe,0.0,0.09564622951531841,16052224,11,,0,unknown
2026-06-11 18:53:48,26548,taskhostw.exe,0.0,0.06482173656358399,10878976,6,,0,unknown
2026-06-11 18:53:48,26884,msedge.exe,0.0,0.9249544405208094,155234304,32,,0,unknown
2026-06-11 18:53:48,26904,svchost.exe,0.0,0.02828629242364226,4747264,7,,0,unknown
2026-06-11 18:53:48,26936,Trae CN.exe,0.0,0.8034624960127067,134844416,27,,0,unknown
2026-06-11 18:53:48,27196,svchost.exe,0.0,0.03255730292764347,5464064,2,,0,unknown
2026-06-11 18:53:48,27348,msedgewebview2.exe,0.0,0.0199151118357999,3342336,8,,0,unknown
2026-06-11 18:53:48,27372,svchost.exe,0.0,0.22594865854881802,37920768,26,,0,unknown
2026-06-11 18:53:48,27568,conhost.exe,0.0,0.07114283210950578,11939840,2,,0,unknown
2026-06-11 18:53:48,28164,wsctrlsvc.exe,0.0,0.012593379543226408,2113536,3,,0,unknown
2026-06-11 18:53:48,28584,Trae CN.exe,0.0,1.4420639865709668,242020352,25,,0,unknown
2026-06-11 18:53:48,28676,SystemSettings.exe,0.0,0.0167667669499933,2813952,67,,0,unknown
2026-06-11 18:53:48,28692,crashpad_handler.exe,0.0,0.014692276133764143,2465792,6,,0,unknown
2026-06-11 18:53:48,28732,Trae CN.exe,0.0,0.5028321680796389,84389888,54,,0,unknown
2026-06-11 18:53:48,28880,msedge.exe,0.0,0.2125987000020257,35680256,16,,0,unknown
2026-06-11 18:53:48,28884,msedge.exe,0.0,1.8304574789176822,307204096,63,,0,unknown
2026-06-11 18:53:48,28920,backgroundTaskHost.exe,0.0,0.015058362748392819,2527232,12,,0,unknown
2026-06-11 18:53:48,28948,audiodg.exe,0.0,0.1741107939173977,29220864,8,,0,unknown
2026-06-11 18:53:48,29436,svchost.exe,0.0,0.00839558636215094,1409024,3,,0,unknown
2026-06-11 18:53:48,29500,conhost.exe,0.0,0.05037351817290563,8454144,2,,0,unknown
2026-06-11 18:53:48,29560,GameViewerServer.exe,0.0,0.6858510696196678,115105792,234,,0,unknown
2026-06-11 18:53:48,29584,SearchFilterHost.exe,0.0,0.07275361321387196,12210176,1,,0,unknown
2026-06-11 18:53:48,29800,powershell.exe,0.0,0.5209656583909127,87433216,9,,0,unknown
2026-06-11 18:53:48,30088,Trae CN.exe,0.0,1.019673250612402,171130880,34,,0,unknown
2026-06-11 18:53:48,30184,Trae CN.exe,0.0,1.5784434534073022,264908800,90,,0,unknown
2026-06-11 18:53:48,30204,conhost.exe,0.0,0.057353569625159036,9625600,5,,0,unknown
2026-06-11 18:53:48,30208,svchost.exe,0.0,0.03643782104270742,6115328,3,,0,unknown
2026-06-11 18:53:48,30352,conhost.exe,0.0,0.05725594652792473,9609216,5,,0,unknown
2026-06-11 18:53:48,30356,Trae CN.exe,0.0,4.187908842480495,702853120,36,,0,unknown
2026-06-11 18:53:48,30512,HipsDaemon.exe,0.0,0.0530093417982321,8896512,114,,0,unknown
2026-06-11 18:53:48,30600,asus_framework.exe,0.0,0.04441850924161253,7454720,20,,0,unknown
2026-06-11 18:53:48,30916,svchost.exe,0.0,0.07307088827988346,12263424,5,,0,unknown
2026-06-11 18:53:48,31024,msedge.exe,0.0,1.3282598609700662,222920704,34,,0,unknown
2026-06-11 18:53:48,31200,msedge.exe,0.0,0.11678163006654722,19599360,8,,0,unknown
2026-06-11 18:53:48,31304,WidgetService.exe,0.0,0.044345291918686795,7442432,6,,0,unknown
2026-06-11 18:53:48,31316,msedge.exe,0.0,0.18982811257212212,31858688,13,,0,unknown
2026-06-11 18:53:48,31432,Trae CN.exe,0.0,0.6728916034618126,112930816,12,,0,unknown
2026-06-11 18:53:48,31636,ArmourySwAgent.exe,0.0,0.009200976914334023,1544192,4,,0,unknown
2026-06-11 18:54:47,0,System Idle Process,0.0,4.881154861715662e-05,8192,60,,0,unknown
2026-06-11 18:54:47,4,System,0.0,0.00029286929170293976,49152,483,,0,unknown
2026-06-11 18:54:47,316,python3.13.exe,0.0,0.9700563114430621,162803712,47,,0,unknown
2026-06-11 18:54:47,320,Registry,0.0,0.3401676823129645,57090048,4,,0,unknown
2026-06-11 18:54:47,512,agent-tool-host.exe,0.0,0.1200764095982053,20152320,30,,0,unknown
2026-06-11 18:54:47,904,smss.exe,0.0,0.0021233023648463134,356352,2,,0,unknown
2026-06-11 18:54:47,1084,fontdrvhost.exe,0.0,0.0331918530596665,5570560,5,,0,unknown
2026-06-11 18:54:47,1092,fontdrvhost.exe,0.0,0.0051496183791100245,864256,5,,0,unknown
2026-06-11 18:54:47,1140,WUDFHost.exe,0.0,0.01549766668594723,2600960,6,,0,unknown
2026-06-11 18:54:47,1392,RuntimeBroker.exe,0.0,0.0899108725528025,15089664,4,,0,unknown
2026-06-11 18:54:47,1628,csrss.exe,0.0,0.020134763804577106,3379200,16,,0,unknown
2026-06-11 18:54:47,1736,wininit.exe,0.0,0.010933786890243085,1835008,2,,0,unknown
2026-06-11 18:54:47,1744,csrss.exe,0.0,0.02269737010697783,3809280,18,,0,unknown
2026-06-11 18:54:47,1832,winlogon.exe,0.0,0.02084253125952588,3497984,6,,0,unknown
2026-06-11 18:54:47,1852,services.exe,0.0,0.04732279638433335,7942144,9,,0,unknown
2026-06-11 18:54:47,1868,Trae CN.exe,0.0,1.265341774802551,212361216,63,,0,unknown
2026-06-11 18:54:47,1884,lsass.exe,0.0,0.12615344740104129,21172224,10,,0,unknown
2026-06-11 18:54:47,1960,svchost.exe,0.0,0.09157046520578582,15368192,11,,0,unknown
2026-06-11 18:54:47,1964,RuntimeBroker.exe,0.0,0.14001592720831377,23498752,12,,0,unknown
2026-06-11 18:54:47,1988,msedge.exe,0.0,0.4376443449014263,73449472,28,,0,unknown
2026-06-11 18:54:47,2044,svchost.exe,0.0,0.19663732360421546,33001472,20,,0,unknown
2026-06-11 18:54:47,2160,svchost.exe,0.0,0.029018465652899613,4870144,6,,0,unknown
2026-06-11 18:54:47,2192,WUDFHost.exe,0.0,0.05025148930136275,8433664,23,,0,unknown
2026-06-11 18:54:47,2252,Steam++.exe,0.0,2.7654182869050086,464117760,117,,0,unknown
2026-06-11 18:54:47,2292,dwm.exe,0.0,0.5709730899491896,95825920,137,,0,unknown
2026-06-11 18:54:47,2348,svchost.exe,0.0,0.10226019435294315,17162240,8,,0,unknown
2026-06-11 18:54:47,2356,svchost.exe,0.0,0.025967743864327323,4358144,2,,0,unknown
2026-06-11 18:54:47,2364,svchost.exe,0.0,0.0213794582943146,3588096,6,,0,unknown
2026-06-11 18:54:47,2376,svchost.exe,0.0,0.012983871932163661,2179072,3,,0,unknown
2026-06-11 18:54:47,2388,svchost.exe,0.0,0.07285123631110627,12226560,10,,0,unknown
2026-06-11 18:54:47,2576,svchost.exe,0.0,0.0318495354726947,5345280,8,,0,unknown
2026-06-11 18:54:47,2648,svchost.exe,0.0,0.021233023648463134,3563520,5,,0,unknown
2026-06-11 18:54:47,2656,svchost.exe,0.0,0.038780775376330935,6508544,3,,0,unknown
2026-06-11 18:54:47,2664,svchost.exe,0.0,0.02804223468055648,4706304,4,,0,unknown
2026-06-11 18:54:47,2684,svchost.exe,0.0,0.041563033647508865,6975488,10,,0,unknown
2026-06-11 18:54:47,2756,msedge.exe,0.0,0.3620352560934507,60760064,30,,0,unknown
2026-06-11 18:54:47,2768,Trae CN.exe,0.0,4.4129544873798965,740622336,10,,0,unknown
2026-06-11 18:54:47,2836,SecurityHealthService.exe,0.0,0.0578416851113306,9707520,9,,0,unknown
2026-06-11 18:54:47,2848,svchost.exe,0.0,0.034607387969564044,5808128,13,,0,unknown
2026-06-11 18:54:47,2956,conhost.exe,0.0,0.011690365893809012,1961984,3,,0,unknown
2026-06-11 18:54:47,2960,svchost.exe,0.0,0.07660972555462732,12857344,13,,0,unknown
2026-06-11 18:54:47,2972,svchost.exe,0.0,0.019280561703776868,3235840,3,,0,unknown
2026-06-11 18:54:47,2980,svchost.exe,0.0,0.03333828770551797,5595136,8,,0,unknown
2026-06-11 18:54:47,2988,svchost.exe,0.0,0.043759553335280914,7344128,5,,0,unknown
2026-06-11 18:54:47,2996,svchost.exe,0.0,0.12207768309150872,20488192,6,,0,unknown
2026-06-11 18:54:47,3132,svchost.exe,0.0,0.05649936752435879,9482240,7,,0,unknown
2026-06-11 18:54:47,3212,svchost.exe,0.0,0.02787139426039643,4677632,6,,0,unknown
2026-06-11 18:54:47,3228,AsusCertService.exe,0.0,0.01127546773056318,1892352,4,,0,unknown
2026-06-11 18:54:47,3468,IntelCpHDCPSvc.exe,0.0,0.011007004213168818,1847296,3,,0,unknown
2026-06-11 18:54:47,3520,Steam++.Accelerator.exe,0.0,0.7529425431939495,126365696,42,,0,unknown
2026-06-11 18:54:47,3544,svchost.exe,0.0,0.026236207381721686,4403200,7,,0,unknown
2026-06-11 18:54:47,3560,esrv.exe,0.0,0.17052314509403665,28618752,59,,0,unknown
2026-06-11 18:54:47,3568,svchost.exe,0.0,0.009030136494173975,1515520,4,,0,unknown
2026-06-11 18:54:47,3708,asus_framework.exe,0.0,0.0649437654351269,10899456,35,,0,unknown
2026-06-11 18:54:47,3760,msedgewebview2.exe,0.0,0.06169779745208597,10354688,21,,0,unknown
2026-06-11 18:54:47,3768,svchost.exe,0.0,0.0622347244868747,10444800,9,,0,unknown
2026-06-11 18:54:47,3940,powershell.exe,0.0,0.4620013076613874,77537280,9,,0,unknown
2026-06-11 18:54:47,3948,PresentMonService.exe,0.0,0.0127154084147693,2134016,11,,0,unknown
2026-06-11 18:54:47,3968,svchost.exe,0.0,0.011787988991043325,1978368,4,,0,unknown
2026-06-11 18:54:47,4044,svchost.exe,0.0,0.12302950828954326,20647936,3,,0,unknown
2026-06-11 18:54:47,4052,NVDisplay.Container.exe,0.0,0.12661715711290428,21250048,44,,0,unknown
2026-06-11 18:54:47,4084,svchost.exe,0.0,0.09506049093191253,15953920,8,,0,unknown
2026-06-11 18:54:47,4100,svchost.exe,0.0,0.03553480739329002,5963776,6,,0,unknown
2026-06-11 18:54:47,4200,MemCompression,0.0,1.831262869469865,307339264,78,,0,unknown
2026-06-11 18:54:47,4240,svchost.exe,0.0,0.010958192664551662,1839104,3,,0,unknown
2026-06-11 18:54:47,4272,svchost.exe,0.0,0.025918932315710165,4349952,8,,0,unknown
2026-06-11 18:54:47,4280,svchost.exe,0.0,0.02040322732197147,3424256,5,,0,unknown
2026-06-11 18:54:47,4360,svchost.exe,0.0,0.06972729719960824,11702272,12,,0,unknown
2026-06-11 18:54:47,4400,svchost.exe,0.0,0.026138584284487374,4386816,8,,0,unknown
2026-06-11 18:54:47,4440,svchost.exe,0.0,0.04776210032188776,8015872,5,,0,unknown
2026-06-11 18:54:47,4476,GameViewerHealthd.exe,0.0,0.02630942470464742,4415488,6,,0,unknown
2026-06-11 18:54:47,4496,svchost.exe,0.0,0.06814092186955065,11436032,14,,0,unknown
2026-06-11 18:54:47,4520,svchost.exe,0.0,0.05767084469117056,9678848,11,,0,unknown
2026-06-11 18:54:47,4544,svchost.exe,0.0,0.01954902522117123,3280896,8,,0,unknown
2026-06-11 18:54:47,4796,AsusOptimization.exe,0.0,0.018816851991913876,3158016,10,,0,unknown
2026-06-11 18:54:47,4944,spoolsv.exe,0.0,0.027822582711779276,4669440,9,,0,unknown
2026-06-11 18:54:47,5032,svchost.exe,0.0,0.06767721215768766,11358208,15,,0,unknown
2026-06-11 18:54:47,5064,Trae CN.exe,0.0,0.1918781976140427,32202752,19,,0,unknown
2026-06-11 18:54:47,5080,svchost.exe,0.0,0.022721775881286408,3813376,6,,0,unknown
2026-06-11 18:54:47,5248,unsecapp.exe,0.0,0.019402590575319758,3256320,3,,0,unknown
2026-06-11 18:54:47,5312,AsusSystemAnalysis.exe,0.0,0.0631133323619835,10592256,9,,0,unknown
2026-06-11 18:54:47,5320,svchost.exe,0.0,0.2781770155691756,46686208,10,,0,unknown
2026-06-11 18:54:47,5328,svchost.exe,0.0,0.2139410175889975,35905536,18,,0,unknown
2026-06-11 18:54:47,5340,DAX3API.exe,0.0,0.024747455148898412,4153344,10,,0,unknown
2026-06-11 18:54:47,5352,svchost.exe,0.0,0.030116725496785637,5054464,2,,0,unknown
2026-06-11 18:54:47,5368,svchost.exe,0.0,0.006394312868847518,1073152,3,,0,unknown
2026-06-11 18:54:47,5380,svchost.exe,0.0,0.015229203168552866,2555904,6,,0,unknown
2026-06-11 18:54:47,5392,MsMpEng.exe,0.0,0.8968633942916358,150519808,10,,0,unknown
2026-06-11 18:54:47,5400,svchost.exe,0.0,0.08297963264916626,13926400,13,,0,unknown
2026-06-11 18:54:47,5408,MpDefenderCoreService.exe,0.0,0.0829308211005491,13918208,9,,0,unknown
2026-06-11 18:54:47,5416,RtkAudUService64.exe,0.0,0.03267933179918636,5484544,19,,0,unknown
2026-06-11 18:54:47,5428,svchost.exe,0.0,0.06352823052522934,10661888,8,,0,unknown
2026-06-11 18:54:47,5520,AsusSwitch.exe,0.0,0.014326189519135469,2404352,7,,0,unknown
2026-06-11 18:54:47,5540,svchost.exe,0.0,0.031019739146203033,5206016,7,,0,unknown
2026-06-11 18:54:47,5552,crashpad_handler.exe,0.0,0.008737267202471036,1466368,6,,0,unknown
2026-06-11 18:54:47,5560,ipfsvc.exe,0.0,0.023746818402246697,3985408,9,,0,unknown
2026-06-11 18:54:47,5588,ArmouryCrateControlInterface.exe,0.0,0.011910017862586216,1998848,3,,0,unknown
2026-06-11 18:54:47,5628,DSAService.exe,0.0,0.20056665326789658,33660928,15,,0,unknown
2026-06-11 18:54:47,5636,AsusSoftwareManager.exe,0.0,0.02833510397225942,4755456,9,,0,unknown
2026-06-11 18:54:47,5644,AsusAppService.exe,0.0,0.03531515542451282,5926912,4,,0,unknown
2026-06-11 18:54:47,5672,AsusSystemDiagnosis.exe,0.0,0.012593379543226408,2113536,2,,0,unknown
2026-06-11 18:54:47,5680,ArmouryCrate.Service.exe,0.0,0.12881367680067632,21618688,101,,0,unknown
2026-06-11 18:54:47,5692,ipf_uf.exe,0.0,0.014082131776049686,2363392,3,,0,unknown
2026-06-11 18:54:47,5700,IntelGraphicsSoftware.Service.exe,0.0,0.04190471448782896,7032832,15,,0,unknown
2026-06-11 18:54:47,5716,FeverGamesService.exe,0.0,0.033948432063232434,5697536,3,,0,unknown
2026-06-11 18:54:47,5724,AsusPTPService.exe,0.0,0.017254882436164867,2895872,4,,0,unknown
2026-06-11 18:54:47,5748,nvcontainer.exe,0.0,0.13545204741260963,22732800,34,,0,unknown
2026-06-11 18:54:47,5800,SurSvc.exe,0.0,0.10963073819413378,18399232,11,,0,unknown
2026-06-11 18:54:47,5808,WMIRegistrationService.exe,0.0,0.014326189519135469,2404352,2,,0,unknown
2026-06-11 18:54:47,5816,ROGLiveService.exe,0.0,0.06045310296234848,10145792,31,,0,unknown
2026-06-11 18:54:47,5824,DSAUpdateService.exe,0.0,0.13720926316282728,23027712,10,,0,unknown
2026-06-11 18:54:47,5832,IntelAudioService.exe,0.0,0.03036078323987142,5095424,7,,0,unknown
2026-06-11 18:54:47,5904,GameViewerService.exe,0.0,0.016400680335364626,2752512,6,,0,unknown
2026-06-11 18:54:47,6292,jhi_service.exe,0.0,0.009981961692208531,1675264,2,,0,unknown
2026-06-11 18:54:47,6440,svchost.exe,0.0,0.09340089827892921,15675392,7,,0,unknown
2026-06-11 18:54:47,6612,msedgewebview2.exe,0.0,0.01071413492146588,1798144,11,,0,unknown
2026-06-11 18:54:47,6648,svchost.exe,0.0,0.029164900298751083,4894720,9,,0,unknown
2026-06-11 18:54:47,6692,msedgewebview2.exe,0.0,0.07082555704349426,11886592,32,,0,unknown
2026-06-11 18:54:47,6816,svchost.exe,0.0,0.02447899163150405,4108288,14,,0,unknown
2026-06-11 18:54:47,6932,DataExchangeHost.exe,0.0,0.037438457789359135,6283264,2,,0,unknown
2026-06-11 18:54:47,6976,WmiPrvSE.exe,0.0,0.13174236971770573,22110208,6,,0,unknown
2026-06-11 18:54:47,7548,svchost.exe,0.0,0.011080221536094554,1859584,2,,0,unknown
2026-06-11 18:54:47,7648,WUDFHost.exe,0.0,0.03980581789729123,6680576,11,,0,unknown
2026-06-11 18:54:47,8120,svchost.exe,0.0,0.07307088827988346,12263424,7,,0,unknown
2026-06-11 18:54:47,8132,wlanext.exe,0.0,0.020452038870588624,3432448,7,,0,unknown
2026-06-11 18:54:47,8164,ShellExperienceHost.exe,0.0,0.3358722660346547,56369152,42,,0,unknown
2026-06-11 18:54:47,8236,WUDFHost.exe,0.0,0.045834044151510066,7692288,8,,0,unknown
2026-06-11 18:54:47,8244,conhost.exe,0.0,0.007199703421030603,1208320,2,,0,unknown
2026-06-11 18:54:47,8316,Steam++.exe,0.0,0.6703534029337205,112504832,14,,0,unknown
2026-06-11 18:54:47,8648,Intel_PIE_Service.exe,0.0,0.017450128630633492,2928640,5,,0,unknown
2026-06-11 18:54:47,8692,Trae CN.exe,0.0,1.3422931811974985,225275904,82,,0,unknown
2026-06-11 18:54:47,8864,msedge.exe,0.0,0.6355751745439964,106668032,32,,0,unknown
2026-06-11 18:54:47,9204,AggregatorHost.exe,0.0,0.04632215963768164,7774208,1,,0,unknown
2026-06-11 18:54:47,9228,SecurityHealthSystray.exe,0.0,0.025577251475390073,4292608,1,,0,unknown
2026-06-11 18:54:47,9344,ChsIME.exe,0.0,0.0738274672834494,12390400,5,,0,unknown
2026-06-11 18:54:47,9776,SearchProtocolHost.exe,0.0,0.10609190091938993,17805312,5,,0,unknown
2026-06-11 18:54:47,9868,svchost.exe,0.0,0.012593379543226408,2113536,6,,0,unknown
2026-06-11 18:54:47,10072,msedgewebview2.exe,0.0,0.01723047666185629,2891776,8,,0,unknown
2026-06-11 18:54:47,10428,svchost.exe,0.0,0.09132640746270004,15327232,5,,0,unknown
2026-06-11 18:54:47,10456,SnippingTool.exe,0.0,0.11424342953845507,19173376,30,,0,unknown
2026-06-11 18:54:47,10736,NVIDIA Overlay.exe,0.0,0.3030709053639255,50864128,146,,0,unknown
2026-06-11 18:54:47,11000,SearchIndexer.exe,0.0,0.2203109246835364,36974592,10,,0,unknown
2026-06-11 18:54:47,11020,svchost.exe,0.0,0.12798388047418466,21479424,14,,0,unknown
2026-06-11 18:54:47,11048,NVDisplay.Container.exe,0.0,0.1384051461039476,23228416,33,,0,unknown
2026-06-11 18:54:47,11276,nvcontainer.exe,0.0,0.13330433927345475,22372352,26,,0,unknown
2026-06-11 18:54:47,11300,svchost.exe,0.0,0.03455857642094689,5799936,11,,0,unknown
2026-06-11 18:54:47,11824,svchost.exe,0.0,0.030873304500351566,5181440,3,,0,unknown
2026-06-11 18:54:47,11872,svchost.exe,0.0,0.02648026512480747,4444160,2,,0,unknown
2026-06-11 18:54:47,12216,msedgewebview2.exe,0.0,0.03914686199095961,6569984,84,,0,unknown
2026-06-11 18:54:47,12312,svchost.exe,0.0,0.026992786385287616,4530176,6,,0,unknown
2026-06-11 18:54:47,12352,UserOOBEBroker.exe,0.0,0.0335335338999866,5627904,1,,0,unknown
2026-06-11 18:54:47,12784,DAX3API.exe,0.0,0.030116725496785637,5054464,6,,0,unknown
2026-06-11 18:54:47,12792,AsusOptimizationStartupTask.exe,0.0,0.012520162220300675,2101248,6,,0,unknown
2026-06-11 18:54:47,12816,ipf_helper.exe,0.0,0.03614495175100448,6066176,7,,0,unknown
2026-06-11 18:54:47,12828,ArmouryCrate.UserSessionHelper.exe,0.0,0.14028439072570814,23543808,109,,0,unknown
2026-06-11 18:54:47,12856,sihost.exe,0.0,0.16129776240539406,27070464,13,,0,unknown
2026-06-11 18:54:47,12864,DSATray.exe,0.0,0.13811227681224467,23179264,12,,0,unknown
2026-06-11 18:54:47,12872,nvcontainer.exe,0.0,0.047371607932950505,7950336,17,,0,unknown
2026-06-11 18:54:47,12940,svchost.exe,0.0,0.030531623660031468,5124096,4,,0,unknown
2026-06-11 18:54:47,12948,svchost.exe,0.0,0.08715302005593316,14626816,8,,0,unknown
2026-06-11 18:54:47,12964,AsusSurvey.exe,0.0,0.08388264629858366,14077952,9,,0,unknown
2026-06-11 18:54:47,13148,conhost.exe,0.0,0.008810484525396772,1478656,2,,0,unknown
2026-06-11 18:54:47,13252,StartMenuExperienceHost.exe,0.0,0.662226280088964,111140864,39,,0,unknown
2026-06-11 18:54:47,13268,msedgewebview2.exe,0.0,0.037706921306753495,6328320,11,,0,unknown
2026-06-11 18:54:47,13400,conhost.exe,0.0,0.05942806044138819,9973760,7,,0,unknown
2026-06-11 18:54:47,13544,svchost.exe,0.0,0.04329584362341793,7266304,2,,0,unknown
2026-06-11 18:54:47,13600,RtkAudUService64.exe,0.0,0.03077568140311725,5165056,8,,0,unknown
2026-06-11 18:54:47,13704,svchost.exe,0.0,0.12539686839747535,21045248,7,,0,unknown
2026-06-11 18:54:47,13764,msedgewebview2.exe,0.0,0.07614601584276433,12779520,54,,0,unknown
2026-06-11 18:54:47,13844,explorer.exe,0.0,2.0875967170328633,350359552,260,,0,unknown
2026-06-11 18:54:47,13860,ShellHost.exe,0.0,0.6856802291995077,115077120,76,,0,unknown
2026-06-11 18:54:47,13872,svchost.exe,0.0,0.06677419850827027,11206656,5,,0,unknown
2026-06-11 18:54:47,14192,svchost.exe,0.0,0.008883701848322505,1490944,2,,0,unknown
2026-06-11 18:54:47,14316,svchost.exe,0.0,0.01112903308471171,1867776,1,,0,unknown
2026-06-11 18:54:47,14340,RuntimeBroker.exe,0.0,0.09496286783467822,15937536,2,,0,unknown
2026-06-11 18:54:47,14708,svchost.exe,0.0,0.15224322013691152,25550848,5,,0,unknown
2026-06-11 18:54:47,14740,RuntimeBroker.exe,0.0,0.20710740078259557,34758656,3,,0,unknown
2026-06-11 18:54:47,14764,msedgewebview2.exe,0.0,0.16871711779520188,28315648,82,,0,unknown
2026-06-11 18:54:47,14772,CrossDeviceResume.exe,0.0,0.04415004572421817,7409664,27,,0,unknown
2026-06-11 18:54:47,14800,svchost.exe,0.0,0.07951401269734813,13344768,9,,0,unknown
2026-06-11 18:54:47,14844,SearchHost.exe,0.0,0.3519800770783164,59072512,35,,0,unknown
2026-06-11 18:54:47,14872,esrv_svc.exe,0.0,0.31900787598742714,53538816,96,,0,unknown
2026-06-11 18:54:47,14928,taskhostw.exe,0.0,0.056938671461913205,9555968,9,,0,unknown
2026-06-11 18:54:47,14940,crashpad_handler.exe,0.0,0.015424449363021493,2588672,6,,0,unknown
2026-06-11 18:54:47,15044,AcPowerNotification.exe,0.0,0.08066108408985131,13537280,18,,0,unknown
2026-06-11 18:54:47,15156,ArmourySocketServer.exe,0.0,0.005955008931293108,999424,16,,0,unknown
2026-06-11 18:54:47,15240,MicrosoftEdgeUpdate.exe,0.0,0.03267933179918636,5484544,4,,0,unknown
2026-06-11 18:54:47,15296,msedge.exe,0.0,0.08544461585433268,14340096,9,,0,unknown
2026-06-11 18:54:47,15408,Widgets.exe,0.0,0.2378830821857128,39923712,14,,0,unknown
2026-06-11 18:54:47,15548,svchost.exe,0.0,0.04168506251905176,6995968,8,,0,unknown
2026-06-11 18:54:47,15896,svchost.exe,0.0,0.07665853710324448,12865536,11,,0,unknown
2026-06-11 18:54:47,16452,HipsTray.exe,0.0,0.044882218953475515,7532544,12,,0,unknown
2026-06-11 18:54:47,16520,msedgewebview2.exe,0.0,0.02750530764576776,4616192,33,,0,unknown
2026-06-11 18:54:47,16688,Trae CN.exe,0.0,0.869187246225708,145874944,24,,0,unknown
2026-06-11 18:54:47,16844,msedgewebview2.exe,0.0,0.22926784385478466,38477824,49,,0,unknown
2026-06-11 18:54:47,16880,WmiPrvSE.exe,0.0,0.10377335236007498,17416192,11,,0,unknown
2026-06-11 18:54:47,17076,asus_framework.exe,0.0,0.01376485671003817,2310144,27,,0,unknown
2026-06-11 18:54:47,17196,asus_framework.exe,0.0,0.029701827333539807,4984832,13,,0,unknown
2026-06-11 18:54:47,17448,NVIDIA Overlay.exe,0.0,0.09708617019952454,16293888,103,,0,unknown
2026-06-11 18:54:47,17464,NVIDIA Overlay.exe,0.0,0.10023451508533114,16822272,20,,0,unknown
2026-06-11 18:54:47,17812,msedgewebview2.exe,0.0,0.016913201595844772,2838528,8,,0,unknown
2026-06-11 18:54:47,17836,svchost.exe,0.0,0.044174451498526744,7413760,5,,0,unknown
2026-06-11 18:54:47,17980,msedge.exe,0.0,0.1325721660441974,22249472,9,,0,unknown
2026-06-11 18:54:47,18148,ArmouryCrate.exe,0.0,0.012202887154289155,2048000,37,,0,unknown
2026-06-11 18:54:47,18492,msedgewebview2.exe,0.0,0.1575636789361816,26443776,21,,0,unknown
2026-06-11 18:54:47,18516,msedgewebview2.exe,0.0,0.07263158434232905,12189696,81,,0,unknown
2026-06-11 18:54:47,18568,msedgewebview2.exe,0.0,0.05095925675631151,8552448,10,,0,unknown
2026-06-11 18:54:47,18780,msedgewebview2.exe,0.0,0.39002867922539003,65458176,31,,0,unknown
2026-06-11 18:54:47,19420,conhost.exe,0.0,0.05832980059750217,9789440,5,,0,unknown
2026-06-11 18:54:47,19696,TextInputHost.exe,0.0,1.0812734249672535,181469184,118,,0,unknown
2026-06-11 18:54:47,19900,nvcontainer.exe,0.0,0.3522729463700194,59121664,61,,0,unknown
2026-06-11 18:54:47,20636,NVIDIA Overlay.exe,0.0,0.04439410346730395,7450624,11,,0,unknown
2026-06-11 18:54:47,20972,ctfmon.exe,0.0,0.2010547687540681,33742848,21,,0,unknown
2026-06-11 18:54:47,20984,TabTip.exe,0.0,0.1134136332119634,19034112,33,,0,unknown
2026-06-11 18:54:47,21156,nvsphelper64.exe,0.0,0.023673601079320962,3973120,6,,0,unknown
2026-06-11 18:54:47,21328,ChsIME.exe,0.0,0.012154075605671999,2039808,2,,0,unknown
2026-06-11 18:54:47,21436,Trae CN.exe,0.0,0.7550170340101787,126713856,12,,0,unknown
2026-06-11 18:54:47,21496,conhost.exe,0.0,0.0580613370801078,9744384,5,,0,unknown
2026-06-11 18:54:47,21500,python3.13.exe,495.0,0.9730094101344001,163299328,44,,0,unknown
2026-06-11 18:54:47,21580,NVIDIA Overlay.exe,0.0,0.1894132144088763,31789056,27,,0,unknown
2026-06-11 18:54:47,21884,360DesktopLite64.exe,0.0,0.5715344227582869,95920128,39,,0,unknown
2026-06-11 18:54:47,22052,svchost.exe,0.0,0.012837437286312191,2154496,2,,0,unknown
2026-06-11 18:54:47,22380,Trae CN.exe,0.0,1.795044700395935,301260800,27,,0,unknown
2026-06-11 18:54:47,22404,msedgewebview2.exe,0.0,0.08393145784720081,14086144,23,,0,unknown
2026-06-11 18:54:47,22432,crashpad_handler.exe,0.0,0.012837437286312191,2154496,6,,0,unknown
2026-06-11 18:54:47,22628,msedge.exe,0.0,0.3340906445101285,56070144,21,,0,unknown
2026-06-11 18:54:47,22992,svchost.exe,0.0,0.015253608942861447,2560000,2,,0,unknown
2026-06-11 18:54:47,23028,AsusSoftwareManagerAgent.exe,0.0,0.08959359748679098,15036416,9,,0,unknown
2026-06-11 18:54:47,23056,svchost.exe,0.0,0.06240556490703475,10473472,6,,0,unknown
2026-06-11 18:54:47,23132,Trae CN.exe,0.0,0.3721392466572021,62455808,28,,0,unknown
2026-06-11 18:54:47,23288,svchost.exe,0.0,0.06728671976875042,11292672,8,,0,unknown
2026-06-11 18:54:47,23344,GameViewer.exe,0.0,0.2638508260500402,44281856,87,,0,unknown
2026-06-11 18:54:47,23372,smartscreen.exe,0.0,0.08698217963577311,14598144,7,,0,unknown
2026-06-11 18:54:47,23540,msedge.exe,0.0,1.7445003418028693,292777984,33,,0,unknown
2026-06-11 18:54:47,23668,Trae CN.exe,0.0,0.3751167511228487,62955520,20,,0,unknown
2026-06-11 18:54:47,24192,powershell.exe,0.0,0.4627334808906448,77660160,10,,0,unknown
2026-06-11 18:54:47,24384,RuntimeBroker.exe,0.0,0.014204160647592577,2383872,2,,0,unknown
2026-06-11 18:54:47,24416,ApplicationFrameHost.exe,0.0,0.0716797591442945,12029952,68,,0,unknown
2026-06-11 18:54:47,24480,powershell.exe,0.0,0.5305815334684925,89047040,11,,0,unknown
2026-06-11 18:54:47,24692,svchost.exe,0.0,0.04124575858149735,6922240,7,,0,unknown
2026-06-11 18:54:47,24728,msedgewebview2.exe,0.0,0.1296190673528594,21753856,21,,0,unknown
2026-06-11 18:54:47,24836,IntelGraphicsSoftware.exe,0.0,0.14226125844470297,23875584,72,,0,unknown
2026-06-11 18:54:47,25236,RtkAudUService64.exe,0.0,0.04436969769299537,7446528,12,,0,unknown
2026-06-11 18:54:47,25308,TranslucentTB.exe,0.0,0.19290324013500298,32374784,31,,0,unknown
2026-06-11 18:54:47,25684,msedge.exe,0.0,0.9103353817099711,152780800,86,,0,unknown
2026-06-11 18:54:47,25736,powershell.exe,0.0,0.5429796668172503,91127808,12,,0,unknown
2026-06-11 18:54:47,25832,WindowsTerminal.exe,0.0,0.6489983504137145,108920832,64,,0,unknown
2026-06-11 18:54:47,25980,svchost.exe,0.0,0.04083086041825152,6852608,8,,0,unknown
2026-06-11 18:54:47,26012,msedgewebview2.exe,0.0,0.23078100186191652,38731776,54,,0,unknown
2026-06-11 18:54:47,26428,svchost.exe,0.0,0.09571944683824414,16064512,11,,0,unknown
2026-06-11 18:54:47,26548,taskhostw.exe,0.0,0.06482173656358399,10878976,6,,0,unknown
2026-06-11 18:54:47,26884,msedge.exe,0.0,0.9221965880239401,154771456,31,,0,unknown
2026-06-11 18:54:47,26904,svchost.exe,0.0,0.02828629242364226,4747264,7,,0,unknown
2026-06-11 18:54:47,26936,Trae CN.exe,0.0,0.8044143212107412,135004160,27,,0,unknown
2026-06-11 18:54:47,27196,svchost.exe,0.0,0.03258170870195205,5468160,2,,0,unknown
2026-06-11 18:54:47,27348,msedgewebview2.exe,0.0,0.0199151118357999,3342336,8,,0,unknown
2026-06-11 18:54:47,27372,svchost.exe,0.0,0.2272177588128641,38133760,26,,0,unknown
2026-06-11 18:54:47,27568,conhost.exe,0.0,0.07114283210950578,11939840,2,,0,unknown
2026-06-11 18:54:47,28164,wsctrlsvc.exe,0.0,0.012593379543226408,2113536,3,,0,unknown
2026-06-11 18:54:47,28584,Trae CN.exe,0.0,1.504957666964173,252575744,25,,0,unknown
2026-06-11 18:54:47,28676,SystemSettings.exe,0.0,0.0167667669499933,2813952,67,,0,unknown
2026-06-11 18:54:47,28692,crashpad_handler.exe,0.0,0.014692276133764143,2465792,6,,0,unknown
2026-06-11 18:54:47,28732,Trae CN.exe,0.0,0.5085431192678463,85348352,54,,0,unknown
2026-06-11 18:54:47,28880,msedge.exe,0.0,0.21250107690479136,35663872,15,,0,unknown
2026-06-11 18:54:47,28884,msedge.exe,0.0,1.829652088365499,307068928,64,,0,unknown
2026-06-11 18:54:47,28920,backgroundTaskHost.exe,0.0,0.015058362748392819,2527232,12,,0,unknown
2026-06-11 18:54:47,28948,audiodg.exe,0.0,0.17042552199680236,28602368,7,,0,unknown
2026-06-11 18:54:47,28960,OpenConsole.exe,0.0,0.07743952188111898,12996608,5,,0,unknown
2026-06-11 18:54:47,29436,svchost.exe,0.0,0.00839558636215094,1409024,3,,0,unknown
2026-06-11 18:54:47,29500,conhost.exe,0.0,0.05037351817290563,8454144,2,,0,unknown
2026-06-11 18:54:47,29560,GameViewerServer.exe,0.0,0.4044036802931426,67870720,94,,0,unknown
2026-06-11 18:54:47,29584,SearchFilterHost.exe,0.0,0.07275361321387196,12210176,1,,0,unknown
2026-06-11 18:54:47,29800,powershell.exe,0.0,0.521063281488147,87449600,9,,0,unknown
2026-06-11 18:54:47,30088,Trae CN.exe,0.0,1.0200393372270304,171192320,36,,0,unknown
2026-06-11 18:54:47,30180,svchost.exe,0.0,0.061160870417297244,10264576,6,,0,unknown
2026-06-11 18:54:47,30184,Trae CN.exe,0.0,1.586399735831899,266244096,90,,0,unknown
2026-06-11 18:54:47,30204,conhost.exe,0.0,0.057475598496701925,9646080,5,,0,unknown
2026-06-11 18:54:47,30208,svchost.exe,0.0,0.0372432115948905,6250496,6,,0,unknown
2026-06-11 18:54:47,30352,conhost.exe,0.0,0.05737797539946761,9629696,5,,0,unknown
2026-06-11 18:54:47,30356,Trae CN.exe,0.0,3.999374235946728,671211520,36,,0,unknown
2026-06-11 18:54:47,30512,HipsDaemon.exe,0.0,0.6188572191426203,103862272,115,,0,unknown
2026-06-11 18:54:47,30600,asus_framework.exe,0.0,0.041148135484263035,6905856,20,,0,unknown
2026-06-11 18:54:47,30916,svchost.exe,0.0,0.07304648250557488,12259328,5,,0,unknown
2026-06-11 18:54:47,31024,msedge.exe,0.0,1.248867877144261,209596416,34,,0,unknown
2026-06-11 18:54:47,31200,msedge.exe,0.0,0.11678163006654722,19599360,8,,0,unknown
2026-06-11 18:54:47,31304,WidgetService.exe,0.0,0.04429648037006964,7434240,6,,0,unknown
2026-06-11 18:54:47,31316,msedge.exe,0.0,0.18968167792627064,31834112,12,,0,unknown
2026-06-11 18:54:47,31356,cmd.exe,0.0,0.09100913239668852,15273984,7,,0,unknown
2026-06-11 18:54:47,31432,Trae CN.exe,0.0,0.6727939803645783,112914432,11,,0,unknown
2026-06-11 18:54:47,31636,ArmourySwAgent.exe,0.0,0.009249788462951181,1552384,4,,0,unknown
2026-06-11 18:55:48,0,System Idle Process,7463.2,4.881154861715662e-05,8192,60,,0,unknown
2026-06-11 18:55:48,4,System,0.0,0.00029286929170293976,49152,485,,0,unknown
2026-06-11 18:55:48,316,python3.13.exe,0.0,0.9667127203627869,162242560,46,,0,unknown
2026-06-11 18:55:48,320,Registry,0.0,0.34026530541019884,57106432,4,,0,unknown
2026-06-11 18:55:48,512,agent-tool-host.exe,0.0,0.12019843846974819,20172800,31,,0,unknown
2026-06-11 18:55:48,904,smss.exe,0.0,0.0021233023648463134,356352,2,,0,unknown
2026-06-11 18:55:48,1084,fontdrvhost.exe,0.0,0.03321625883397508,5574656,5,,0,unknown
2026-06-11 18:55:48,1092,fontdrvhost.exe,0.0,0.0051496183791100245,864256,5,,0,unknown
2026-06-11 18:55:48,1140,WUDFHost.exe,0.0,0.01549766668594723,2600960,6,,0,unknown
2026-06-11 18:55:48,1392,RuntimeBroker.exe,0.0,0.09054542268482554,15196160,6,,0,unknown
2026-06-11 18:55:48,1628,csrss.exe,0.0,0.020183575353194264,3387392,16,,0,unknown
2026-06-11 18:55:48,1736,wininit.exe,0.0,0.010958192664551662,1839104,2,,0,unknown
2026-06-11 18:55:48,1744,csrss.exe,0.0,0.02269737010697783,3809280,18,,0,unknown
2026-06-11 18:55:48,1832,winlogon.exe,0.0,0.020549661967822937,3448832,4,,0,unknown
2026-06-11 18:55:48,1852,services.exe,0.0,0.04761566567603629,7991296,9,,0,unknown
2026-06-11 18:55:48,1868,Trae CN.exe,0.0,1.2811079050058927,215007232,65,,0,unknown
2026-06-11 18:55:48,1884,lsass.exe,0.0,0.1265927513385957,21245952,11,,0,unknown
2026-06-11 18:55:48,1960,svchost.exe,0.0,0.09481643318882675,15912960,15,,0,unknown
2026-06-11 18:55:48,1964,RuntimeBroker.exe,0.0,0.14016236185416525,23523328,13,,0,unknown
2026-06-11 18:55:48,1988,msedge.exe,0.0,0.434300753821151,72888320,28,,0,unknown
2026-06-11 18:55:48,2044,svchost.exe,0.0,0.19675935247575835,33021952,21,,0,unknown
2026-06-11 18:55:48,2160,svchost.exe,0.0,0.02918930607305966,4898816,5,,0,unknown
2026-06-11 18:55:48,2192,WUDFHost.exe,0.0,0.05025148930136275,8433664,23,,0,unknown
2026-06-11 18:55:48,2252,Steam++.exe,0.0,2.765174229161923,464076800,117,,0,unknown
2026-06-11 18:55:48,2292,dwm.exe,0.0,0.5739261886405276,96321536,138,,0,unknown
2026-06-11 18:55:48,2348,svchost.exe,0.0,0.10196732506124019,17113088,7,,0,unknown
2026-06-11 18:55:48,2356,svchost.exe,0.0,0.025943338090018746,4354048,2,,0,unknown
2026-06-11 18:55:48,2364,svchost.exe,0.0,0.021501487165857494,3608576,7,,0,unknown
2026-06-11 18:55:48,2376,svchost.exe,0.0,0.012983871932163661,2179072,3,,0,unknown
2026-06-11 18:55:48,2388,svchost.exe,0.0,0.07275361321387196,12210176,10,,0,unknown
2026-06-11 18:55:48,2576,svchost.exe,0.0,0.032020375892854745,5373952,9,,0,unknown
2026-06-11 18:55:48,2648,svchost.exe,0.0,0.02125742942277171,3567616,5,,0,unknown
2026-06-11 18:55:48,2656,svchost.exe,0.0,0.038536717633245156,6467584,2,,0,unknown
2026-06-11 18:55:48,2664,svchost.exe,0.0,0.02804223468055648,4706304,4,,0,unknown
2026-06-11 18:55:48,2684,svchost.exe,0.0,0.04175827984197749,7008256,11,,0,unknown
2026-06-11 18:55:48,2756,msedge.exe,0.0,0.3612542713155762,60628992,30,,0,unknown
2026-06-11 18:55:48,2768,Trae CN.exe,0.0,4.382056777105236,735436800,12,,0,unknown
2026-06-11 18:55:48,2836,SecurityHealthService.exe,0.0,0.057866090885639175,9711616,9,,0,unknown
2026-06-11 18:55:48,2848,svchost.exe,0.0,0.034607387969564044,5808128,12,,0,unknown
2026-06-11 18:55:48,2956,conhost.exe,0.0,0.011690365893809012,1961984,3,,0,unknown
2026-06-11 18:55:48,2960,svchost.exe,0.0,0.07639007358585012,12820480,13,,0,unknown
2026-06-11 18:55:48,2972,svchost.exe,0.0,0.019304967478085445,3239936,3,,0,unknown
2026-06-11 18:55:48,2980,svchost.exe,0.0,0.03263052025056921,5476352,4,,0,unknown
2026-06-11 18:55:48,2988,svchost.exe,0.0,0.04356430714081229,7311360,4,,0,unknown
2026-06-11 18:55:48,2996,svchost.exe,0.0,0.12527483952593246,21024768,4,,0,unknown
2026-06-11 18:55:48,3132,svchost.exe,0.0,0.05667020794451884,9510912,7,,0,unknown
2026-06-11 18:55:48,3212,svchost.exe,0.0,0.028115452003482217,4718592,8,,0,unknown
2026-06-11 18:55:48,3228,AsusCertService.exe,0.0,0.01127546773056318,1892352,4,,0,unknown
2026-06-11 18:55:48,3468,IntelCpHDCPSvc.exe,0.0,0.011007004213168818,1847296,3,,0,unknown
2026-06-11 18:55:48,3520,Steam++.Accelerator.exe,0.0,0.7519419064472979,126197760,43,,0,unknown
2026-06-11 18:55:48,3544,svchost.exe,0.0,0.026236207381721686,4403200,7,,0,unknown
2026-06-11 18:55:48,3560,esrv.exe,0.0,0.18492255193609788,31035392,59,,0,unknown
2026-06-11 18:55:48,3568,svchost.exe,0.0,0.009005730719865398,1511424,4,,0,unknown
2026-06-11 18:55:48,3708,asus_framework.exe,0.0,0.06989813761976829,11730944,35,,0,unknown
2026-06-11 18:55:48,3760,msedgewebview2.exe,0.0,0.061722203226394545,10358784,21,,0,unknown
2026-06-11 18:55:48,3768,svchost.exe,0.0,0.06225913026118328,10448896,9,,0,unknown
2026-06-11 18:55:48,3940,powershell.exe,0.0,0.46209893075862174,77553664,9,,0,unknown
2026-06-11 18:55:48,3948,PresentMonService.exe,0.0,0.0127154084147693,2134016,11,,0,unknown
2026-06-11 18:55:48,3968,svchost.exe,0.0,0.011787988991043325,1978368,4,,0,unknown
2026-06-11 18:55:48,4044,svchost.exe,0.0,0.12327356603262907,20688896,5,,0,unknown
2026-06-11 18:55:48,4052,NVDisplay.Container.exe,0.0,0.12620225894965845,21180416,41,,0,unknown
2026-06-11 18:55:48,4084,svchost.exe,0.0,0.09562182374100983,16048128,9,,0,unknown
2026-06-11 18:55:48,4100,svchost.exe,0.0,0.0355592131675986,5967872,6,,0,unknown
2026-06-11 18:55:48,4200,MemCompression,0.0,1.8057100237687838,303050752,78,,0,unknown
2026-06-11 18:55:48,4240,svchost.exe,0.0,0.010982598438860241,1843200,3,,0,unknown
2026-06-11 18:55:48,4272,svchost.exe,0.0,0.02616299005879595,4390912,8,,0,unknown
2026-06-11 18:55:48,4280,svchost.exe,0.0,0.02052525619351436,3444736,6,,0,unknown
2026-06-11 18:55:48,4360,svchost.exe,0.0,0.06992254339407687,11735040,12,,0,unknown
2026-06-11 18:55:48,4400,svchost.exe,0.0,0.02589452654140159,4345856,6,,0,unknown
2026-06-11 18:55:48,4440,svchost.exe,0.0,0.04798175229066496,8052736,6,,0,unknown
2026-06-11 18:55:48,4476,GameViewerHealthd.exe,0.0,0.02630942470464742,4415488,6,,0,unknown
2026-06-11 18:55:48,4496,svchost.exe,0.0,0.06836057383832786,11472896,15,,0,unknown
2026-06-11 18:55:48,4520,svchost.exe,0.0,0.05718272920499899,9596928,8,,0,unknown
2026-06-11 18:55:48,4544,svchost.exe,0.0,0.019573430995479806,3284992,8,,0,unknown
2026-06-11 18:55:48,4796,AsusOptimization.exe,0.0,0.018816851991913876,3158016,10,,0,unknown
2026-06-11 18:55:48,4944,spoolsv.exe,0.0,0.028261886649333687,4743168,9,,0,unknown
2026-06-11 18:55:48,5032,svchost.exe,0.0,0.06767721215768766,11358208,15,,0,unknown
2026-06-11 18:55:48,5064,Trae CN.exe,0.0,0.19226869000297994,32268288,19,,0,unknown
2026-06-11 18:55:48,5080,svchost.exe,0.0,0.022477718138200625,3772416,4,,0,unknown
2026-06-11 18:55:48,5248,unsecapp.exe,0.0,0.019280561703776868,3235840,2,,0,unknown
2026-06-11 18:55:48,5312,AsusSystemAnalysis.exe,0.0,0.06321095545921783,10608640,10,,0,unknown
2026-06-11 18:55:48,5320,svchost.exe,0.0,0.27673707488496946,46444544,13,,0,unknown
2026-06-11 18:55:48,5328,svchost.exe,0.0,0.21608872572815235,36265984,18,,0,unknown
2026-06-11 18:55:48,5340,DAX3API.exe,0.0,0.02484507824613272,4169728,11,,0,unknown
2026-06-11 18:55:48,5352,svchost.exe,0.0,0.03099533337189446,5201920,5,,0,unknown
2026-06-11 18:55:48,5368,svchost.exe,0.0,0.006394312868847518,1073152,3,,0,unknown
2026-06-11 18:55:48,5380,svchost.exe,0.0,0.015253608942861447,2560000,6,,0,unknown
2026-06-11 18:55:48,5392,MsMpEng.exe,0.0,0.89644849612839,150450176,9,,0,unknown
2026-06-11 18:55:48,5400,svchost.exe,0.0,0.08232067674283465,13815808,12,,0,unknown
2026-06-11 18:55:48,5408,MpDefenderCoreService.exe,0.0,0.0829308211005491,13918208,9,,0,unknown
2026-06-11 18:55:48,5416,RtkAudUService64.exe,0.0,0.03277695489642067,5500928,20,,0,unknown
2026-06-11 18:55:48,5428,svchost.exe,0.0,0.06382109981693229,10711040,8,,0,unknown
2026-06-11 18:55:48,5520,AsusSwitch.exe,0.0,0.014326189519135469,2404352,7,,0,unknown
2026-06-11 18:55:48,5540,svchost.exe,0.0,0.030922116048968724,5189632,6,,0,unknown
2026-06-11 18:55:48,5552,crashpad_handler.exe,0.0,0.008737267202471036,1466368,6,,0,unknown
2026-06-11 18:55:48,5560,ipfsvc.exe,0.0,0.023746818402246697,3985408,9,,0,unknown
2026-06-11 18:55:48,5588,ArmouryCrateControlInterface.exe,0.0,0.011910017862586216,1998848,3,,0,unknown
2026-06-11 18:55:48,5628,DSAService.exe,0.0,0.20081071101098236,33701888,15,,0,unknown
2026-06-11 18:55:48,5636,AsusSoftwareManager.exe,0.0,0.02833510397225942,4755456,9,,0,unknown
2026-06-11 18:55:48,5644,AsusAppService.exe,0.0,0.03531515542451282,5926912,4,,0,unknown
2026-06-11 18:55:48,5672,AsusSystemDiagnosis.exe,0.0,0.012593379543226408,2113536,2,,0,unknown
2026-06-11 18:55:48,5680,ArmouryCrate.Service.exe,0.0,0.1295214442556251,21737472,102,,0,unknown
2026-06-11 18:55:48,5692,ipf_uf.exe,0.0,0.014082131776049686,2363392,3,,0,unknown
2026-06-11 18:55:48,5700,IntelGraphicsSoftware.Service.exe,0.0,0.04202674335937186,7053312,15,,0,unknown
2026-06-11 18:55:48,5716,FeverGamesService.exe,0.0,0.033948432063232434,5697536,3,,0,unknown
2026-06-11 18:55:48,5724,AsusPTPService.exe,0.0,0.017254882436164867,2895872,4,,0,unknown
2026-06-11 18:55:48,5748,nvcontainer.exe,0.0,0.13498833770074664,22654976,31,,0,unknown
2026-06-11 18:55:48,5800,SurSvc.exe,0.0,0.10963073819413378,18399232,11,,0,unknown
2026-06-11 18:55:48,5808,WMIRegistrationService.exe,0.0,0.014326189519135469,2404352,2,,0,unknown
2026-06-11 18:55:48,5816,ROGLiveService.exe,0.0,0.06045310296234848,10145792,31,,0,unknown
2026-06-11 18:55:48,5824,DSAUpdateService.exe,0.0,0.13720926316282728,23027712,10,,0,unknown
2026-06-11 18:55:48,5832,IntelAudioService.exe,0.0,0.030458406337105733,5111808,8,,0,unknown
2026-06-11 18:55:48,5904,GameViewerService.exe,0.0,0.016400680335364626,2752512,6,,0,unknown
2026-06-11 18:55:48,6292,jhi_service.exe,0.0,0.009981961692208531,1675264,2,,0,unknown
2026-06-11 18:55:48,6440,svchost.exe,0.0,0.09342530405323778,15679488,6,,0,unknown
2026-06-11 18:55:48,6612,msedgewebview2.exe,0.0,0.0106897291471573,1794048,11,,0,unknown
2026-06-11 18:55:48,6648,svchost.exe,0.0,0.029042871427208194,4874240,8,,0,unknown
2026-06-11 18:55:48,6692,msedgewebview2.exe,0.0,0.07084996281780284,11890688,32,,0,unknown
2026-06-11 18:55:48,6816,svchost.exe,0.0,0.02447899163150405,4108288,14,,0,unknown
2026-06-11 18:55:48,6932,DataExchangeHost.exe,0.0,0.037438457789359135,6283264,2,,0,unknown
2026-06-11 18:55:48,6976,WmiPrvSE.exe,0.0,0.13223048520387728,22192128,6,,0,unknown
2026-06-11 18:55:48,7548,svchost.exe,0.0,0.011080221536094554,1859584,2,,0,unknown
2026-06-11 18:55:48,7648,WUDFHost.exe,0.0,0.03980581789729123,6680576,11,,0,unknown
2026-06-11 18:55:48,8120,svchost.exe,0.0,0.07272920743956336,12206080,4,,0,unknown
2026-06-11 18:55:48,8132,wlanext.exe,0.0,0.020452038870588624,3432448,7,,0,unknown
2026-06-11 18:55:48,8164,ShellExperienceHost.exe,0.0,0.375848924352106,63078400,42,,0,unknown
2026-06-11 18:55:48,8236,WUDFHost.exe,0.0,0.04593166724874439,7708672,8,,0,unknown
2026-06-11 18:55:48,8244,conhost.exe,0.0,0.007199703421030603,1208320,2,,0,unknown
2026-06-11 18:55:48,8316,Steam++.exe,0.0,0.6701093451906347,112463872,14,,0,unknown
2026-06-11 18:55:48,8648,Intel_PIE_Service.exe,0.0,0.017474534404942073,2932736,5,,0,unknown
2026-06-11 18:55:48,8692,Trae CN.exe,0.0,1.3551062127095024,227426304,82,,0,unknown
2026-06-11 18:55:48,8864,msedge.exe,0.0,0.635599580318305,106672128,32,,0,unknown
2026-06-11 18:55:48,9204,AggregatorHost.exe,0.0,0.04632215963768164,7774208,1,,0,unknown
2026-06-11 18:55:48,9228,SecurityHealthSystray.exe,0.0,0.025577251475390073,4292608,1,,0,unknown
2026-06-11 18:55:48,9344,ChsIME.exe,0.0,0.07385187305775798,12394496,4,,0,unknown
2026-06-11 18:55:48,9776,SearchProtocolHost.exe,0.0,0.14648345740008703,24584192,8,,0,unknown
2026-06-11 18:55:48,9868,svchost.exe,0.0,0.012593379543226408,2113536,6,,0,unknown
2026-06-11 18:55:48,10072,msedgewebview2.exe,0.0,0.01720607088754771,2887680,8,,0,unknown
2026-06-11 18:55:48,10428,svchost.exe,0.0,0.09113116126823143,15294464,4,,0,unknown
2026-06-11 18:55:48,10456,SnippingTool.exe,0.0,0.11458511037877518,19230720,31,,0,unknown
2026-06-11 18:55:48,10736,NVIDIA Overlay.exe,0.0,0.30553588856909186,51277824,147,,0,unknown
2026-06-11 18:55:48,11000,SearchIndexer.exe,0.0,0.23183045015718537,38907904,12,,0,unknown
2026-06-11 18:55:48,11020,svchost.exe,0.0,0.12825234399157903,21524480,14,,0,unknown
2026-06-11 18:55:48,11048,NVDisplay.Container.exe,0.0,0.13794143639208462,23150592,30,,0,unknown
2026-06-11 18:55:48,11276,nvcontainer.exe,0.0,0.13288944111020892,22302720,23,,0,unknown
2026-06-11 18:55:48,11300,svchost.exe,0.0,0.033850808965998125,5681152,11,,0,unknown
2026-06-11 18:55:48,11824,svchost.exe,0.0,0.030873304500351566,5181440,3,,0,unknown
2026-06-11 18:55:48,11872,svchost.exe,0.0,0.02648026512480747,4444160,2,,0,unknown
2026-06-11 18:55:48,12216,msedgewebview2.exe,0.0,0.03914686199095961,6569984,84,,0,unknown
2026-06-11 18:55:48,12312,svchost.exe,0.0,0.026846351739436145,4505600,5,,0,unknown
2026-06-11 18:55:48,12352,UserOOBEBroker.exe,0.0,0.0335335338999866,5627904,1,,0,unknown
2026-06-11 18:55:48,12784,DAX3API.exe,0.0,0.030263160142637108,5079040,7,,0,unknown
2026-06-11 18:55:48,12792,AsusOptimizationStartupTask.exe,0.0,0.012520162220300675,2101248,6,,0,unknown
2026-06-11 18:55:48,12816,ipf_helper.exe,0.0,0.03597411133084443,6037504,5,,0,unknown
2026-06-11 18:55:48,12828,ArmouryCrate.UserSessionHelper.exe,0.0,0.1406748831146454,23609344,110,,0,unknown
2026-06-11 18:55:48,12856,sihost.exe,0.0,0.16488541122875508,27672576,17,,0,unknown
2026-06-11 18:55:48,12864,DSATray.exe,0.0,0.13842955187825617,23232512,12,,0,unknown
2026-06-11 18:55:48,12872,nvcontainer.exe,0.0,0.047469231030184814,7966720,18,,0,unknown
2026-06-11 18:55:48,12940,svchost.exe,0.0,0.030531623660031468,5124096,4,,0,unknown
2026-06-11 18:55:48,12948,svchost.exe,0.0,0.08705539695869885,14610432,8,,0,unknown
2026-06-11 18:55:48,12964,AsusSurvey.exe,0.0,0.08402908094443513,14102528,10,,0,unknown
2026-06-11 18:55:48,13148,conhost.exe,0.0,0.008810484525396772,1478656,2,,0,unknown
2026-06-11 18:55:48,13252,StartMenuExperienceHost.exe,0.0,0.6625191493806669,111190016,41,,0,unknown
2026-06-11 18:55:48,13268,msedgewebview2.exe,0.0,0.037706921306753495,6328320,11,,0,unknown
2026-06-11 18:55:48,13400,conhost.exe,0.0,0.0591840026983024,9932800,5,,0,unknown
2026-06-11 18:55:48,13544,svchost.exe,0.0,0.04329584362341793,7266304,2,,0,unknown
2026-06-11 18:55:48,13600,RtkAudUService64.exe,0.0,0.031044144920511614,5210112,9,,0,unknown
2026-06-11 18:55:48,13704,svchost.exe,0.0,0.12459147784529229,20910080,8,,0,unknown
2026-06-11 18:55:48,13764,msedgewebview2.exe,0.0,0.07587755232536998,12734464,53,,0,unknown
2026-06-11 18:55:48,13844,explorer.exe,0.0,2.1045343244030166,353202176,264,,0,unknown
2026-06-11 18:55:48,13860,ShellHost.exe,0.0,0.7012755189826891,117694464,73,,0,unknown
2026-06-11 18:55:48,13872,svchost.exe,0.0,0.06665216963672738,11186176,5,,0,unknown
2026-06-11 18:55:48,14192,svchost.exe,0.0,0.008883701848322505,1490944,2,,0,unknown
2026-06-11 18:55:48,14316,svchost.exe,0.0,0.01112903308471171,1867776,1,,0,unknown
2026-06-11 18:55:48,14340,RuntimeBroker.exe,0.0,0.09493846206036963,15933440,2,,0,unknown
2026-06-11 18:55:48,14708,svchost.exe,0.0,0.1585643156828333,26611712,11,,0,unknown
2026-06-11 18:55:48,14740,RuntimeBroker.exe,0.0,0.20691215458812692,34725888,5,,0,unknown
2026-06-11 18:55:48,14764,msedgewebview2.exe,0.0,0.1687903351181276,28327936,82,,0,unknown
2026-06-11 18:55:48,14772,CrossDeviceResume.exe,0.0,0.04424766882145248,7426048,28,,0,unknown
2026-06-11 18:55:48,14800,svchost.exe,0.0,0.07951401269734813,13344768,9,,0,unknown
2026-06-11 18:55:48,14844,SearchHost.exe,0.0,0.3534688293111397,59322368,37,,0,unknown
2026-06-11 18:55:48,14872,esrv_svc.exe,0.0,0.3232056691685026,54243328,96,,0,unknown
2026-06-11 18:55:48,14928,taskhostw.exe,0.0,0.06035547986511417,10129408,9,,0,unknown
2026-06-11 18:55:48,14940,crashpad_handler.exe,0.0,0.015424449363021493,2588672,6,,0,unknown
2026-06-11 18:55:48,15044,AcPowerNotification.exe,0.0,0.0800021281835197,13426688,18,,0,unknown
2026-06-11 18:55:48,15156,ArmourySocketServer.exe,0.0,0.005955008931293108,999424,16,,0,unknown
2026-06-11 18:55:48,15240,MicrosoftEdgeUpdate.exe,0.0,0.03267933179918636,5484544,4,,0,unknown
2026-06-11 18:55:48,15296,msedge.exe,0.0,0.08534699275709837,14323712,8,,0,unknown
2026-06-11 18:55:48,15408,Widgets.exe,0.0,0.2377854590884785,39907328,13,,0,unknown
2026-06-11 18:55:48,15548,svchost.exe,0.0,0.040757643095325785,6840320,8,,0,unknown
2026-06-11 18:55:48,15896,svchost.exe,0.0,0.08261354603453758,13864960,11,,0,unknown
2026-06-11 18:55:48,16452,HipsTray.exe,0.0,0.044882218953475515,7532544,12,,0,unknown
2026-06-11 18:55:48,16520,msedgewebview2.exe,0.0,0.02748090187145918,4612096,33,,0,unknown
2026-06-11 18:55:48,16688,Trae CN.exe,0.0,0.870920056201617,146165760,24,,0,unknown
2026-06-11 18:55:48,16844,msedgewebview2.exe,0.0,0.23192807325441972,38924288,51,,0,unknown
2026-06-11 18:55:48,16880,WmiPrvSE.exe,0.0,0.09052101691051696,15192064,6,,0,unknown
2026-06-11 18:55:48,17076,asus_framework.exe,0.0,0.013667233612803855,2293760,27,,0,unknown
2026-06-11 18:55:48,17196,asus_framework.exe,0.0,0.02731006145129913,4583424,13,,0,unknown
2026-06-11 18:55:48,17448,NVIDIA Overlay.exe,0.0,0.09708617019952454,16293888,103,,0,unknown
2026-06-11 18:55:48,17464,NVIDIA Overlay.exe,0.0,0.10023451508533114,16822272,20,,0,unknown
2026-06-11 18:55:48,17812,msedgewebview2.exe,0.0,0.016913201595844772,2838528,8,,0,unknown
2026-06-11 18:55:48,17836,svchost.exe,0.0,0.044028016852675274,7389184,4,,0,unknown
2026-06-11 18:55:48,17980,msedge.exe,0.0,0.1325721660441974,22249472,9,,0,unknown
2026-06-11 18:55:48,18148,ArmouryCrate.exe,0.0,0.012202887154289155,2048000,37,,0,unknown
2026-06-11 18:55:48,18492,msedgewebview2.exe,0.0,0.15797857709942742,26513408,23,,0,unknown
2026-06-11 18:55:48,18516,msedgewebview2.exe,0.0,0.07265599011663763,12193792,81,,0,unknown
2026-06-11 18:55:48,18568,msedgewebview2.exe,0.0,0.05095925675631151,8552448,10,,0,unknown
2026-06-11 18:55:48,18780,msedgewebview2.exe,0.0,0.39002867922539003,65458176,31,,0,unknown
2026-06-11 18:55:48,19420,conhost.exe,0.0,0.05832980059750217,9789440,5,,0,unknown
2026-06-11 18:55:48,19696,TextInputHost.exe,0.0,1.0871064050270038,182448128,114,,0,unknown
2026-06-11 18:55:48,19900,nvcontainer.exe,0.0,0.35263903298464805,59183104,61,,0,unknown
2026-06-11 18:55:48,20636,NVIDIA Overlay.exe,0.0,0.04439410346730395,7450624,11,,0,unknown
2026-06-11 18:55:48,20972,ctfmon.exe,0.0,0.2023238690181142,33955840,21,,0,unknown
2026-06-11 18:55:48,20984,TabTip.exe,0.0,0.11404818334398645,19140608,33,,0,unknown
2026-06-11 18:55:48,21156,nvsphelper64.exe,0.0,0.023673601079320962,3973120,6,,0,unknown
2026-06-11 18:55:48,21328,ChsIME.exe,0.0,0.012154075605671999,2039808,2,,0,unknown
2026-06-11 18:55:48,21436,Trae CN.exe,0.0,0.7550414397844872,126717952,12,,0,unknown
2026-06-11 18:55:48,21496,conhost.exe,0.0,0.0580613370801078,9744384,5,,0,unknown
2026-06-11 18:55:48,21500,python3.13.exe,471.4,0.97249688887392,163213312,44,,0,unknown
2026-06-11 18:55:48,21580,NVIDIA Overlay.exe,0.0,0.189950141443665,31879168,27,,0,unknown
2026-06-11 18:55:48,21884,360DesktopLite64.exe,0.0,0.5748047965156364,96468992,39,,0,unknown
2026-06-11 18:55:48,22052,svchost.exe,0.0,0.012837437286312191,2154496,2,,0,unknown
2026-06-11 18:55:48,22380,Trae CN.exe,0.0,1.8068326893869784,303239168,27,,0,unknown
2026-06-11 18:55:48,22404,msedgewebview2.exe,0.0,0.08393145784720081,14086144,23,,0,unknown
2026-06-11 18:55:48,22432,crashpad_handler.exe,0.0,0.012837437286312191,2154496,6,,0,unknown
2026-06-11 18:55:48,22628,msedge.exe,0.0,0.3340906445101285,56070144,21,,0,unknown
2026-06-11 18:55:48,22992,svchost.exe,0.0,0.015278014717170024,2564096,2,,0,unknown
2026-06-11 18:55:48,23028,AsusSoftwareManagerAgent.exe,0.0,0.08974003213264246,15060992,9,,0,unknown
2026-06-11 18:55:48,23056,svchost.exe,0.0,0.06240556490703475,10473472,6,,0,unknown
2026-06-11 18:55:48,23132,Trae CN.exe,0.0,0.3729202314350766,62586880,26,,0,unknown
2026-06-11 18:55:48,23288,svchost.exe,0.0,0.06704266202566463,11251712,6,,0,unknown
2026-06-11 18:55:48,23344,GameViewer.exe,0.0,0.26585209954334355,44617728,91,,0,unknown
2026-06-11 18:55:48,23372,smartscreen.exe,0.0,0.08664049879545302,14540800,4,,0,unknown
2026-06-11 18:55:48,23540,msedge.exe,0.0,1.6955179527655524,284557312,32,,0,unknown
2026-06-11 18:55:48,23668,Trae CN.exe,0.0,0.3750923453485401,62951424,20,,0,unknown
2026-06-11 18:55:48,24192,powershell.exe,0.0,0.4627090751163362,77656064,9,,0,unknown
2026-06-11 18:55:48,24384,RuntimeBroker.exe,0.0,0.014106537550358263,2367488,1,,0,unknown
2026-06-11 18:55:48,24416,ApplicationFrameHost.exe,0.0,0.0720214399846146,12087296,68,,0,unknown
2026-06-11 18:55:48,24480,powershell.exe,0.0,0.5303374757254067,89006080,9,,0,unknown
2026-06-11 18:55:48,24692,svchost.exe,0.0,0.04124575858149735,6922240,7,,0,unknown
2026-06-11 18:55:48,24728,msedgewebview2.exe,0.0,0.12944822693269936,21725184,23,,0,unknown
2026-06-11 18:55:48,24836,IntelGraphicsSoftware.exe,0.0,0.14250531618778878,23916544,72,,0,unknown
2026-06-11 18:55:48,25236,RtkAudUService64.exe,0.0,0.04522389979379561,7589888,14,,0,unknown
2026-06-11 18:55:48,25308,TranslucentTB.exe,0.0,0.1930008632322373,32391168,31,,0,unknown
2026-06-11 18:55:48,25684,msedge.exe,0.0,0.9087978179285305,152522752,86,,0,unknown
2026-06-11 18:55:48,25736,powershell.exe,0.0,0.5428576379457074,91107328,11,,0,unknown
2026-06-11 18:55:48,25832,WindowsTerminal.exe,0.0,0.6479977136670627,108752896,58,,0,unknown
2026-06-11 18:55:48,25980,svchost.exe,0.0,0.040757643095325785,6840320,8,,0,unknown
2026-06-11 18:55:48,26012,msedgewebview2.exe,0.0,0.23295311577537997,39096320,54,,0,unknown
2026-06-11 18:55:48,26428,svchost.exe,0.0,0.09591469303271276,16097280,12,,0,unknown
2026-06-11 18:55:48,26548,taskhostw.exe,0.0,0.06482173656358399,10878976,6,,0,unknown
2026-06-11 18:55:48,26884,msedge.exe,0.0,0.921391197471757,154636288,31,,0,unknown
2026-06-11 18:55:48,26904,svchost.exe,0.0,0.02828629242364226,4747264,7,,0,unknown
2026-06-11 18:55:48,26936,Trae CN.exe,0.0,0.8044143212107412,135004160,27,,0,unknown
2026-06-11 18:55:48,27196,svchost.exe,0.0,0.03255730292764347,5464064,2,,0,unknown
2026-06-11 18:55:48,27340,SearchFilterHost.exe,0.0,0.08261354603453758,13864960,7,,0,unknown
2026-06-11 18:55:48,27348,msedgewebview2.exe,0.0,0.019890706061491324,3338240,8,,0,unknown
2026-06-11 18:55:48,27372,svchost.exe,0.0,0.22719335303855553,38129664,26,,0,unknown
2026-06-11 18:55:48,27568,conhost.exe,0.0,0.07114283210950578,11939840,2,,0,unknown
2026-06-11 18:55:48,28164,wsctrlsvc.exe,0.0,0.012593379543226408,2113536,3,,0,unknown
2026-06-11 18:55:48,28584,Trae CN.exe,0.0,1.5332927709364326,257331200,25,,0,unknown
2026-06-11 18:55:48,28676,SystemSettings.exe,0.0,0.0167667669499933,2813952,67,,0,unknown
2026-06-11 18:55:48,28692,crashpad_handler.exe,0.0,0.014692276133764143,2465792,6,,0,unknown
2026-06-11 18:55:48,28732,Trae CN.exe,0.0,0.5052483397361882,84795392,55,,0,unknown
2026-06-11 18:55:48,28880,msedge.exe,0.0,0.21250107690479136,35663872,14,,0,unknown
2026-06-11 18:55:48,28884,msedge.exe,0.0,1.8297253056884246,307081216,64,,0,unknown
2026-06-11 18:55:48,28920,backgroundTaskHost.exe,0.0,0.015058362748392819,2527232,12,,0,unknown
2026-06-11 18:55:48,28948,audiodg.exe,0.0,0.6524883761398412,109506560,23,,0,unknown
2026-06-11 18:55:48,28960,OpenConsole.exe,0.0,0.07736630455819325,12984320,4,,0,unknown
2026-06-11 18:55:48,29436,svchost.exe,0.0,0.00839558636215094,1409024,3,,0,unknown
2026-06-11 18:55:48,29500,conhost.exe,0.0,0.05037351817290563,8454144,2,,0,unknown
2026-06-11 18:55:48,29560,GameViewerServer.exe,0.0,0.6974926239648597,117059584,234,,0,unknown
2026-06-11 18:55:48,29584,SearchFilterHost.exe,0.0,0.08139325731910867,13660160,5,,0,unknown
2026-06-11 18:55:48,29800,powershell.exe,0.0,0.5211609045853813,87465984,9,,0,unknown
2026-06-11 18:55:48,30088,Trae CN.exe,0.0,1.0212596259424596,171397120,36,,0,unknown
2026-06-11 18:55:48,30180,svchost.exe,0.0,0.06072156647974284,10190848,3,,0,unknown
2026-06-11 18:55:48,30184,Trae CN.exe,0.0,1.7014729616968456,285556736,90,,0,unknown
2026-06-11 18:55:48,30204,conhost.exe,0.0,0.057475598496701925,9646080,5,,0,unknown
2026-06-11 18:55:48,30208,svchost.exe,0.0,0.03709677694903903,6225920,6,,0,unknown
2026-06-11 18:55:48,30352,conhost.exe,0.0,0.05737797539946761,9629696,5,,0,unknown
2026-06-11 18:55:48,30356,Trae CN.exe,0.0,4.409415650105152,740028416,37,,0,unknown
2026-06-11 18:55:48,30512,HipsDaemon.exe,0.0,0.04573642105427576,7675904,115,,0,unknown
2026-06-11 18:55:48,30600,asus_framework.exe,0.0,0.038805181150639516,6512640,20,,0,unknown
2026-06-11 18:55:48,30916,svchost.exe,0.0,0.07304648250557488,12259328,5,,0,unknown
2026-06-11 18:55:48,31024,msedge.exe,0.0,1.2339071374931023,207085568,34,,0,unknown
2026-06-11 18:55:48,31136,SearchFilterHost.exe,0.0,0.0854202100800241,14336000,8,,0,unknown
2026-06-11 18:55:48,31200,msedge.exe,0.0,0.11678163006654722,19599360,8,,0,unknown
2026-06-11 18:55:48,31304,WidgetService.exe,0.0,0.044174451498526744,7413760,5,,0,unknown
2026-06-11 18:55:48,31316,msedge.exe,0.0,0.18965727215196207,31830016,12,,0,unknown
2026-06-11 18:55:48,31356,cmd.exe,0.0,0.09066745155636843,15216640,4,,0,unknown
2026-06-11 18:55:48,31432,Trae CN.exe,0.0,0.67345293627091,113025024,13,,0,unknown
2026-06-11 18:55:48,31636,ArmourySwAgent.exe,0.0,0.009249788462951181,1552384,4,,0,unknown
